tweet_id,airline_sentiment,airline,text,tweet_coord,tweet_created,tweet_location,user_timezone,predicted_sentiment,predicted_topic
5.70303399276761e+17,positive,Southwest,southwestair thank much completely make thing right,"[0.0, 0.0]",2015-02-24 11:25:00 -0800,"Boston, MA",Eastern Time (US & Canada),positive,0
5.70302532955845e+17,positive,Southwest,southwestair love always get best deal,"[0.0, 0.0]",2015-02-24 11:21:34 -0800,"Boston, MA",Central Time (US & Canada),positive,3
5.70299642887442e+17,positive,Southwest,southwestair thx make right help meagan fouty brancato fl dfw gate preboard wkids b group please please,"[41.19747574, -73.76926201]",2015-02-24 11:10:05 -0800,Chappaqua NY,Eastern Time (US & Canada),positive,4
5.70294002077061e+17,positive,Southwest,southwestair thanks southwest save trip sweetheart isnt go miss see altonbrownlive thanks yall sohappy,"[0.0, 0.0]",2015-02-24 10:47:40 -0800,lurking in a coffeehouse,Pacific Time (US & Canada),positive,1
5.70293527982301e+17,positive,Southwest,southwestair never mind move flight tomorrow thanks help,"[0.0, 0.0]",2015-02-24 10:45:47 -0800,"Boston, MA",Central Time (US & Canada),positive,1
5.70293100326863e+17,positive,Southwest,southwestair manage get sort phone good luck deal snow texas,"[0.0, 0.0]",2015-02-24 10:44:05 -0800,Eau Claire,Eastern Time (US & Canada),positive,5
5.7028908009069e+17,positive,Southwest,southwestair weather bc system outage hopefully everything go smoothly thank follow,"[0.0, 0.0]",2015-02-24 10:28:06 -0800,Fort Lauderdale,Eastern Time (US & Canada),positive,0
5.70288380384293e+17,positive,Southwest,southwestair use always fly southwest,"[0.0, 0.0]",2015-02-24 10:25:19 -0800,"Boston, MA",Eastern Time (US & Canada),positive,3
5.70284129138274e+17,positive,Southwest,southwestair thank awesome flight sweetheart get screw flyfrontier manage scramble get sw plane today,"[0.0, 0.0]",2015-02-24 10:08:26 -0800,lurking in a coffeehouse,Pacific Time (US & Canada),positive,1
5.70284111425892e+17,positive,Southwest,southwestair thanks much,"[0.0, 0.0]",2015-02-24 10:08:22 -0800,Chicago,Central Time (US & Canada),positive,1
5.70283824040383e+17,positive,Southwest,southwestair roundtrip ticket arrive auction postmaster invitational thanks southwest httptcomrfbjtepef,"[0.0, 0.0]",2015-02-24 10:07:13 -0800,"Lubbock, TX",Central Time (US & Canada),positive,3
5.70279442750292e+17,positive,Southwest,southwestair airport snow removal method keep good work folk cessnas become httptcopofsxojsy,"[0.0, 0.0]",2015-02-24 09:49:49 -0800,"Astoria, OR",Tijuana,positive,1
5.70267457841033e+17,positive,Southwest,southwestair thx quick response action bf make good use voucher satisfied happycustomer,"[0.0, 0.0]",2015-02-24 09:02:11 -0800,Canada,Pacific Time (US & Canada),positive,0
5.70255256589767e+17,positive,Southwest,southwestair strives customer centric everything communication advertising customer journey etc anamarketers,"[0.0, 0.0]",2015-02-24 08:13:42 -0800,"Austin, Texas",Eastern Time (US & Canada),positive,3
5.70249864841286e+17,positive,Southwest,southwestair customer centricity know people anamarketers,"[0.0, 0.0]",2015-02-24 07:52:17 -0800,"Boston, MA",Mountain Time (US & Canada),positive,3
5.70246695595999e+17,positive,Southwest,southwestair ok thank hope,"[0.0, 0.0]",2015-02-24 07:39:41 -0800,Everywhere You Wish You Were!,America/Los_Angeles,positive,0
5.70245840612266e+17,positive,Southwest,southwestair intuit jhamilton mom career day trip la intuitlife leanin httptcoqjbcvjzq southwestairlines,"[0.0, 0.0]",2015-02-24 07:36:17 -0800,SF Bay Area,Eastern Time (US & Canada),positive,1
5.70238577683997e+17,positive,Southwest,southwestair best airline hand amaze customer service bag free affordable flight happycamper,"[0.0, 0.0]",2015-02-24 07:07:26 -0800,"Boston, MA",Central Time (US & Canada),positive,3
5.70237762063831e+17,positive,Southwest,southwestair thanks ellamae la counter go beyond help u get back abq flight cancel flightled,"[0.0, 0.0]",2015-02-24 07:04:11 -0800,"Albuquerque, NM",Eastern Time (US & Canada),positive,1
5.70229420058919e+17,positive,Southwest,southwestair thank take good care people al httptcomyywafkfi kevinswan alstdi life story,"[0.0, 0.0]",2015-02-24 06:31:02 -0800,"Boston, MA",Eastern Time (US & Canada),positive,5
5.70228904469725e+17,positive,Southwest,southwestair smoooothest flight attendant southwestsmoothie httptcovrklai,"[0.0, 0.0]",2015-02-24 06:28:59 -0800,"Birmingham, AL",Eastern Time (US & Canada),positive,4
5.70220817470116e+17,positive,Southwest,southwestair thank tip,"[0.0, 0.0]",2015-02-24 05:56:51 -0800,"Manchester, NH",Eastern Time (US & Canada),positive,5
5.7021791819522e+17,positive,Southwest,southwestair thanks team deal flight houston,"[42.3667769, -71.0170733]",2015-02-24 05:45:20 -0800,"Boston, MA",Eastern Time (US & Canada),positive,1
5.70217425100149e+17,positive,Southwest,southwestair bumped preboard flight im fat whatever reason thanks,"[0.0, 0.0]",2015-02-24 05:43:22 -0800,"Boston, MA",Eastern Time (US & Canada),positive,4
5.70205399619662e+17,positive,Southwest,southwestair anyone help upgrade buisness select cant seem get hail right area know guy good,"[0.0, 0.0]",2015-02-24 04:55:35 -0800,"cambridge, maryland",Atlantic Time (Canada),positive,3
5.70200237622612e+17,positive,Southwest,southwestair love new plane light wish window large httptcohujcjg,"[0.0, 0.0]",2015-02-24 04:35:05 -0800,"Boston, MA",Eastern Time (US & Canada),positive,3
5.70187432815014e+17,positive,Southwest,southwestair cool shot moon one fleet httptcoklbaimes,"[0.0, 0.0]",2015-02-24 03:44:12 -0800,The World is my Country,Central Time (US & Canada),positive,1
5.7010040900977e+17,positive,Southwest,southwestair look forward fly swa friday luv airline dtw mdw tus,"[0.0, 0.0]",2015-02-23 21:58:24 -0800,"Detroit, Michigan",Eastern Time (US & Canada),positive,0
5.70098324172206e+17,positive,Southwest,southwestair love airline much thanks much service great snack amaze everything outstanding thanks,"[0.0, 0.0]",2015-02-23 21:50:07 -0800,"Boston, MA",Eastern Time (US & Canada),positive,1
5.70073365265945e+17,positive,Southwest,southwestair great flight cabo last week family smoothflight frequentflyer,"[0.0, 0.0]",2015-02-23 20:10:56 -0800,"Boston, MA",Eastern Time (US & Canada),positive,2
5.70070659130221e+17,positive,Southwest,southwestair late flightst ad make happy fly day bethonors,"[0.0, 0.0]",2015-02-23 20:00:11 -0800,"Logan Square, Chi / Austin, TX",Pacific Time (US & Canada),positive,4
5.70068976778154e+17,positive,Southwest,southwestair fact u see black history month month year honorable economic base corp like u future,"[0.0, 0.0]",2015-02-23 19:53:30 -0800,Tennessee,Eastern Time (US & Canada),positive,4
5.70066283233972e+17,positive,Southwest,southwestair awesome flight dallas ny virgin america refuse bc child peanut allergy u guy didnt thanks,"[0.0, 0.0]",2015-02-23 19:42:47 -0800,ny,Eastern Time (US & Canada),positive,0
5.70061334898872e+17,positive,Southwest,southwestair flight wifi tmobile wifi call make best combination doesnt love texting foot air,"[0.0, 0.0]",2015-02-23 19:23:08 -0800,California,Pacific Time (US & Canada),positive,0
5.70054105789551e+17,positive,Southwest,southwestair great day air httptcoynczutzz,"[0.0, 0.0]",2015-02-23 18:54:24 -0800,"Panama City, Florida",Central Time (US & Canada),positive,1
5.70053736950686e+17,positive,Southwest,southwestair thanks,"[0.0, 0.0]",2015-02-23 18:52:56 -0800,"Boston, MA",Pacific Time (US & Canada),positive,1
5.70053254836417e+17,positive,Southwest,southwestair thanks two smooth safe fast flight boston houston luvswa httptcoelhxuvuj,"[0.0, 0.0]",2015-02-23 18:51:01 -0800,"Houston, TX",Eastern Time (US & Canada),positive,0
5.70052879643382e+17,positive,Southwest,southwestair really love customer service lou ann phx rock thanks sw ourguest,"[0.0, 0.0]",2015-02-23 18:49:32 -0800,Whereever Yearbooks Are Born,Central Time (US & Canada),positive,0
5.70046710870729e+17,positive,Southwest,southwestair katie gate c denver international fantastic customer service help new flyer thx amaze staff,"[0.0, 0.0]",2015-02-23 18:25:01 -0800,"Waterford, MI",Eastern Time (US & Canada),positive,4
5.70042186399658e+17,positive,Southwest,southwestair crew flight awesome tell sent tweet maybe give free wifi canthurtasking,"[0.0, 0.0]",2015-02-23 18:07:02 -0800,Washington D.C. / Northern VA,Eastern Time (US & Canada),positive,1
5.70035207316885e+17,positive,Southwest,southwestair happy enter sweepstakes nutsaboutsouthwest,"[0.0, 0.0]",2015-02-23 17:39:18 -0800,NE Ohio,Eastern Time (US & Canada),positive,4
5.70034833633767e+17,positive,Southwest,southwestair thanks great customer service today,"[0.0, 0.0]",2015-02-23 17:37:49 -0800,"Boston, MA",Eastern Time (US & Canada),positive,1
5.70034301774885e+17,positive,Southwest,southwestair beyond ready,"[0.0, 0.0]",2015-02-23 17:35:42 -0800,"Boston, MA",Eastern Time (US & Canada),positive,1
5.70031211336368e+17,positive,Southwest,southwestair favorite airline ive never issue plus crew entertain,"[0.0, 0.0]",2015-02-23 17:23:26 -0800,Somewhere mind in my business,Eastern Time (US & Canada),positive,1
5.70024300905783e+17,positive,Southwest,southwestair flight attendant really funny sas give life,"[0.0, 0.0]",2015-02-23 16:55:58 -0800,"Boston, MA",Eastern Time (US & Canada),positive,0
5.70017987349996e+17,positive,Southwest,southwestair follow thank,"[37.6177248, -122.3913514]",2015-02-23 16:30:53 -0800,Canada,Pacific Time (US & Canada),positive,0
5.70012094570959e+17,positive,Southwest,southwestair good thanks,"[0.0, 0.0]",2015-02-23 16:07:28 -0800,"Boston, MA",Pacific Time (US & Canada),positive,1
5.70011378091754e+17,positive,Southwest,southwestair thank,"[0.0, 0.0]",2015-02-23 16:04:37 -0800,Around...,Eastern Time (US & Canada),positive,5
5.70007457055056e+17,positive,Southwest,southwestair oh worry never see today meanit great card,"[0.0, 0.0]",2015-02-23 15:49:02 -0800,"Boston, MA",Central Time (US & Canada),positive,1
5.70005561338503e+17,positive,Southwest,southwestair thank thank thank last attempt win destinationdragons ticket success could happier,"[0.0, 0.0]",2015-02-23 15:41:30 -0800,+ Las Vegas +,Eastern Time (US & Canada),positive,5
5.70003111772693e+17,positive,Southwest,southwestair flight phx lax wheel stop glad home thanks professional front cabin,"[0.0, 0.0]",2015-02-23 15:31:46 -0800,Near Los Angeles CA,Eastern Time (US & Canada),positive,1
5.69996423074161e+17,positive,Southwest,southwestair mdw san flt attendant melissa awesome fast smile great weather cancel flight day b welcome,"[0.0, 0.0]",2015-02-23 15:05:11 -0800,"Boston, MA",Eastern Time (US & Canada),positive,3
5.6999551455855e+17,positive,Southwest,southwestair thank great customer service far accident happen understand hopefully everything work,"[0.0, 0.0]",2015-02-23 15:01:35 -0800,"Boston, MA",Pacific Time (US & Canada),positive,1
5.69994045205803e+17,positive,Southwest,southwestair thanks quick response call daily wait day,"[0.0, 0.0]",2015-02-23 14:55:45 -0800,"Boston, MA",Pacific Time (US & Canada),positive,0
5.69989168903819e+17,positive,Southwest,southwestair see worker time time go beyond love fly guy thank,"[0.0, 0.0]",2015-02-23 14:36:22 -0800,"Indianapolis, Indiana; USA",Central Time (US & Canada),positive,0
5.69989007532143e+17,positive,Southwest,southwestair travel agent darrel love field host paper airplane contest entertain child awesome see,"[0.0, 0.0]",2015-02-23 14:35:43 -0800,"Indianapolis, Indiana; USA",Central Time (US & Canada),positive,1
5.69988842335244e+17,positive,Southwest,southwestair big kudos staff today dallas love field lift everyones spirit today delay cancel flightlations,"[0.0, 0.0]",2015-02-23 14:35:04 -0800,"Indianapolis, Indiana; USA",Central Time (US & Canada),positive,2
5.69987277734208e+17,positive,Southwest,southwestair fun delay nashville la vega crew gate c desk awesome patience luvswa,"[0.0, 0.0]",2015-02-23 14:28:51 -0800,"Franklin, TN",Eastern Time (US & Canada),positive,1
5.69984682873352e+17,positive,Southwest,never get strip fast stoke special imaginedragons show tonight thx southwestair httptcotopqmvqnjp,"[0.0, 0.0]",2015-02-23 14:18:32 -0800,"Las Vegas, NV",Pacific Time (US & Canada),positive,3
5.69981679806366e+17,positive,Southwest,southwestair thank,"[0.0, 0.0]",2015-02-23 14:06:36 -0800,"Boston, MA",Eastern Time (US & Canada),positive,5
5.69978748780421e+17,positive,Southwest,southwestair bring back jackson m miss terribly around airline horrible,"[0.0, 0.0]",2015-02-23 13:54:58 -0800,"Boston, MA",Eastern Time (US & Canada),positive,1
5.69976622054396e+17,positive,Southwest,southwestair look like bellagio good luck people see show vinyl,"[0.0, 0.0]",2015-02-23 13:46:31 -0800,"Boston, MA",Eastern Time (US & Canada),positive,3
5.69976092359918e+17,positive,Southwest,southwestair pair ticket wait sport practice live definitely know imaginedragons,"[0.0, 0.0]",2015-02-23 13:44:24 -0800,"Boston, MA",Pacific Time (US & Canada),positive,0
5.69976030603059e+17,positive,Southwest,southwestair love southwest guy good httptcoxtdydbh,"[0.0, 0.0]",2015-02-23 13:44:09 -0800,Ozarks,Central Time (US & Canada),positive,1
5.69975026239164e+17,positive,Southwest,southwestair crew great job keep everyone inform delay givethemraises,"[39.50503682, -119.77382751]",2015-02-23 13:40:10 -0800,"Reno, NV",Alaska,positive,1
5.69971949440524e+17,positive,Southwest,southwestair luv new luv television commercial travel airline last year return trip nycfeltthelove,"[0.0, 0.0]",2015-02-23 13:27:56 -0800,"Boston, MA",Eastern Time (US & Canada),positive,0
5.6997032481024e+17,positive,Southwest,southwestair best airline,"[0.0, 0.0]",2015-02-23 13:21:29 -0800,"Boston, MA",Eastern Time (US & Canada),positive,3
5.69969877286462e+17,positive,Southwest,southwestair netneutrality nice see prioritize internet traffic stream service web site,"[0.0, 0.0]",2015-02-23 13:19:42 -0800,"San Francisco, CA",Mountain Time (US & Canada),positive,1
5.69964332026634e+17,positive,Southwest,southwestair thanks get u paradise safely httptcokdzqczlpyr,"[0.0, 0.0]",2015-02-23 12:57:40 -0800,"Boston, MA",Eastern Time (US & Canada),positive,1
5.69957516748067e+17,positive,Southwest,southwestair awesome staff check desk paper airplane race sw gift card keep ppl entertain delay,"[0.0, 0.0]",2015-02-23 12:30:35 -0800,"Boston, MA",Central Time (US & Canada),positive,3
5.69952317556044e+17,positive,Southwest,southwestair terry hero get husband back thru security retrieve cellphone left plane austin terry u rock,"[0.0, 0.0]",2015-02-23 12:09:56 -0800,WashingtonDC,Eastern Time (US & Canada),positive,4
5.69951879825908e+17,positive,Southwest,southwestair terry hero get husband back thru security retrieve cellphone left plane austin terry u rock,"[0.0, 0.0]",2015-02-23 12:08:12 -0800,WashingtonDC,Eastern Time (US & Canada),positive,4
5.69951253666656e+17,positive,Southwest,southwestair terry hero get husband back thru security retrieve cellphone austin terry rock,"[0.0, 0.0]",2015-02-23 12:05:42 -0800,WashingtonDC,Eastern Time (US & Canada),positive,4
5.69950945389519e+17,positive,Southwest,southwestair thanks guy best,"[0.0, 0.0]",2015-02-23 12:04:29 -0800,New England ,Atlantic Time (Canada),positive,1
5.69950112631296e+17,positive,Southwest,southwestair ill stick fly free southwest go son work wonderful company mom fly free,"[0.0, 0.0]",2015-02-23 12:01:10 -0800,"Boston, MA",Eastern Time (US & Canada),positive,1
5.69944956132991e+17,positive,Southwest,southwestair love passbook update use day release finally thank,"[0.0, 0.0]",2015-02-23 11:40:41 -0800,"Arlington, TX",Central Time (US & Canada),positive,0
5.69941609225294e+17,positive,Southwest,southwestair another great trip lax la bna thanks much,"[0.0, 0.0]",2015-02-23 11:27:23 -0800,wherever you need me to be. ,Central Time (US & Canada),positive,1
5.69935609940316e+17,positive,Southwest,southwestair get help nice lady phone georgia thank,"[0.0, 0.0]",2015-02-23 11:03:32 -0800,"Boston, MA",Eastern Time (US & Canada),positive,1
5.69932197735604e+17,positive,Southwest,southwestair thanks quick reply travel lotbut much lol,"[0.0, 0.0]",2015-02-23 10:49:59 -0800,"Denver, CO",Eastern Time (US & Canada),positive,1
5.69927965007417e+17,positive,Southwest,southwestair thanks go motion shortly flight yesterday wonder quickly flight attendant notify,"[0.0, 0.0]",2015-02-23 10:33:10 -0800,"Royal Palm Beach, FL, USA",Eastern Time (US & Canada),positive,1
5.69924965446726e+17,positive,Southwest,southwestair nice touch passbook integration,"[33.43403712, -111.99678364]",2015-02-23 10:21:15 -0800,The AZ Desert,Pacific Time (US & Canada),positive,4
5.69922730008519e+17,positive,Southwest,southwestair awesome thanks guy rock,"[0.0, 0.0]",2015-02-23 10:12:22 -0800,"Wilmington, North Carolina",Eastern Time (US & Canada),positive,1
5.69912094272782e+17,positive,Southwest,southwestair thanks add passbook ability hopefully group passbook ticket future somehow,"[0.0, 0.0]",2015-02-23 09:30:06 -0800,"Boston, MA",Eastern Time (US & Canada),positive,4
5.69910583694197e+17,positive,Southwest,southwestair arrive late flight pilot get u dia time impressive outstanding greatservice allgood,"[0.0, 0.0]",2015-02-23 09:24:06 -0800,"Rocky Mountains, Colorado USA",Mountain Time (US & Canada),positive,0
5.69910383047254e+17,positive,Southwest,southwestair would appreciate thank,"[0.0, 0.0]",2015-02-23 09:23:18 -0800,"Boston, MA",Central Time (US & Canada),positive,5
5.69903377598915e+17,positive,Southwest,southwestair glad know ill fly luv airline tomorrow,"[0.0, 0.0]",2015-02-23 08:55:28 -0800,"Columbus, OH",Quito,positive,3
5.69900699988861e+17,positive,Southwest,southwestair thank great customer service try make san antonio staff alert helpful boo ice,"[0.0, 0.0]",2015-02-23 08:44:49 -0800,Lone Star State,Central Time (US & Canada),positive,5
5.69900147343266e+17,positive,Southwest,southwestair open seat like open marriage there much love stranger,"[0.0, 0.0]",2015-02-23 08:42:38 -0800,"Boston, MA",Eastern Time (US & Canada),positive,0
5.69895187746419e+17,positive,Southwest,southwestair matthewebel love fly southwest excellent service dont take seriously,"[0.0, 0.0]",2015-02-23 08:22:55 -0800,"Overland Park, KS",Central Time (US & Canada),positive,5
5.69887230019285e+17,positive,Southwest,southwestair thanks confirmation number dmed appreciate help,"[0.0, 0.0]",2015-02-23 07:51:18 -0800,"Des Moines, IA",Central Time (US & Canada),positive,1
5.6986469399869e+17,positive,Southwest,southwestair sent dm thanks attentiveness matter,"[0.0, 0.0]",2015-02-23 06:21:45 -0800,"Atlanta, GA",Eastern Time (US & Canada),positive,4
5.69843082994315e+17,positive,Southwest,southwestair one plane thanks take arizona httptcofinqfhue,"[0.0, 0.0]",2015-02-23 04:55:52 -0800,"Frederick, MD",Atlantic Time (Canada),positive,5
5.69840840861839e+17,positive,Southwest,southwestair thanks,"[0.0, 0.0]",2015-02-23 04:46:58 -0800,"Boston, MA",Eastern Time (US & Canada),positive,1
5.69834388919329e+17,positive,Southwest,southwestair sent dm detail thanks,"[0.0, 0.0]",2015-02-23 04:21:19 -0800,"Boston, MA",New Caledonia,positive,4
5.69832563403051e+17,positive,Southwest,southwestair thank confirmation maybe people flight directional dislexia,"[0.0, 0.0]",2015-02-23 04:14:04 -0800,"Golftown, USA",Eastern Time (US & Canada),positive,5
5.69766956062134e+17,positive,Southwest,southwestair know whatd beyond awesome pair ticket imaginedragons show atl girl dream destinationdragons,"[0.0, 0.0]",2015-02-22 23:53:22 -0800,Georgia,Eastern Time (US & Canada),positive,3
5.69757790626906e+17,positive,Southwest,southwestair yes everything work great,"[34.00646846, -118.48131246]",2015-02-22 23:16:57 -0800,"Boston, MA",Eastern Time (US & Canada),positive,1
5.69752691460706e+17,positive,Southwest,southwestair show love companion flightplease thank,"[0.0, 0.0]",2015-02-22 22:56:41 -0800,"Boston, MA",Central Time (US & Canada),positive,3
5.69735142564102e+17,positive,Southwest,southwestair love,"[0.0, 0.0]",2015-02-22 21:46:57 -0800,"Washington, DC",Eastern Time (US & Canada),positive,1
5.69731104070115e+17,positive,Southwest,southwestair youre early frontrunner best airline oscar,"[0.0, 0.0]",2015-02-22 21:30:54 -0800,Washington D.C. ,Eastern Time (US & Canada),positive,3
5.69710964712411e+17,positive,Southwest,southwestair ty consideration,"[40.76352814, -111.89191896]",2015-02-22 20:10:53 -0800,Minneapolis,Central Time (US & Canada),positive,2
5.69704587315139e+17,positive,Southwest,southwestair crew wn sansfo brilliant rita hilarious know ive great flight,"[0.0, 0.0]",2015-02-22 19:45:32 -0800,"San Francisco, CA",Eastern Time (US & Canada),positive,5
5.69702019797287e+17,positive,Southwest,southwestair thanks excite see,"[0.0, 0.0]",2015-02-22 19:35:20 -0800,STL,Central Time (US & Canada),positive,1
5.69700277244142e+17,positive,Southwest,southwestair thanks help mom allegiantair wouldnt let get plane orlando youre best customerservice,"[0.0, 0.0]",2015-02-22 19:28:25 -0800,"Forest City, IA",Central Time (US & Canada),positive,4
5.69698044175757e+17,positive,Southwest,southwestair kudos crew flight grr make special memory sweet young passenger momma well do,"[0.0, 0.0]",2015-02-22 19:19:32 -0800,"Kansas City, Missouri",Eastern Time (US & Canada),positive,2
5.69697456536965e+17,positive,Southwest,southwestair good beer oscar ar dia,"[0.0, 0.0]",2015-02-22 19:17:12 -0800,denver,Mountain Time (US & Canada),positive,5
5.69689184958595e+17,positive,Southwest,southwestair thank,"[0.0, 0.0]",2015-02-22 18:44:20 -0800,Pennsylvania,Atlantic Time (Canada),positive,5
5.69683748901368e+17,positive,Southwest,southwestair pull runway make new friend seat mate thanks response cb,"[0.0, 0.0]",2015-02-22 18:22:44 -0800,Kansas City,Eastern Time (US & Canada),positive,0
5.69682422981218e+17,positive,Southwest,southwestair ok southwest still best airline around hate baggage room run checked bag headphone,"[0.0, 0.0]",2015-02-22 18:17:28 -0800,Kansas City,Eastern Time (US & Canada),positive,3
5.69676404893164e+17,positive,Southwest,southwestair beautiful view fly san jose ca even httptcosxvagbrtli,"[0.0, 0.0]",2015-02-22 17:53:33 -0800,"Omaha, Nebraska",Central Time (US & Canada),positive,2
5.6967620472839e+17,positive,Southwest,southwestair thank swa shannon g lasairport c miracle worker awesome,"[0.0, 0.0]",2015-02-22 17:52:45 -0800,"Boston, MA",Eastern Time (US & Canada),positive,0
5.69674930842776e+17,positive,Southwest,southwestair change flight st louis thanks reply though,"[0.0, 0.0]",2015-02-22 17:47:42 -0800,UTSA '13,Central Time (US & Canada),positive,2
5.69672501753725e+17,positive,Southwest,southwestair companion pas year wife use time thanks southwest make travel easy,"[0.0, 0.0]",2015-02-22 17:38:03 -0800,"Arkansas, USA",Central Time (US & Canada),positive,0
5.6967159674438e+17,positive,Southwest,southwestair constantly provide wonderful view service southwestluv httptcounxqotzik,"[0.0, 0.0]",2015-02-22 17:34:27 -0800,MINNESOTA,Eastern Time (US & Canada),positive,2
5.69670962825847e+17,positive,Southwest,southwestair lol already card member well lol enjoy fly guy,"[0.0, 0.0]",2015-02-22 17:31:56 -0800,Virginia.,Central Time (US & Canada),positive,1
5.69670904852173e+17,positive,Southwest,southwestair th anniversary april th still sweetheart companion lifetime son family love,"[0.0, 0.0]",2015-02-22 17:31:42 -0800,"Boston, MA",Eastern Time (US & Canada),positive,2
5.69668792265019e+17,positive,Southwest,southwestair miss mine terribly th anniversary would amaze would mean luv air dontmakemebeg,"[0.0, 0.0]",2015-02-22 17:23:18 -0800,Austin ,Central Time (US & Canada),positive,1
5.69668606142784e+17,positive,Southwest,southwestair redcarpet southwest companion pas would great,"[0.0, 0.0]",2015-02-22 17:22:34 -0800,SF Bay Area,Pacific Time (US & Canada),positive,1
5.69667805643035e+17,positive,Southwest,southwestairtcoqjklabprg,"[33.51750182, -101.90914558]",2015-02-22 17:19:23 -0800,"Boston, MA",Eastern Time (US & Canada),positive,2
5.69667787829809e+17,positive,Southwest,southwestair sign,"[0.0, 0.0]",2015-02-22 17:19:19 -0800,"Boston, MA",Eastern Time (US & Canada),positive,1
5.69667246026416e+17,positive,Southwest,southwestair get mine time wife th anniversary,"[0.0, 0.0]",2015-02-22 17:17:10 -0800,"Austin, TX",Central Time (US & Canada),positive,2
5.69667238808068e+17,positive,Southwest,southwestair love companion pas qualify th year hollymais,"[0.0, 0.0]",2015-02-22 17:17:08 -0800,"Denver, Colorado",Mountain Time (US & Canada),positive,2
5.69667075280499e+17,positive,Southwest,southwestair continue amaze amaze customer service thank swa,"[29.65283375, -95.275749]",2015-02-22 17:16:29 -0800,"Boston, MA",Eastern Time (US & Canada),positive,3
5.6966660642442e+17,positive,Southwest,southwestair sign,"[0.0, 0.0]",2015-02-22 17:14:37 -0800,"Boston, MA",Eastern Time (US & Canada),positive,1
5.69644697309872e+17,positive,Southwest,southwestair thanks connection thru nashville boarding pas get dallas gate boarding min flt get end b group,"[0.0, 0.0]",2015-02-22 15:47:33 -0800,"Boston, MA",Quito,positive,4
5.6964445637634e+17,positive,Southwest,southwestair thanks,"[42.58417604, -83.1064707]",2015-02-22 15:46:36 -0800,Back in the Mitten,Eastern Time (US & Canada),positive,1
5.69644310045418e+17,positive,Southwest,southwestair beautiful fleet perfect even fly httptcoxmztfix,"[0.0, 0.0]",2015-02-22 15:46:01 -0800,"Houston, TX",Central Time (US & Canada),positive,2
5.69638063825154e+17,positive,Southwest,southwestair thanks minor delay big deal appreciate concern though boarding amaze service,"[0.0, 0.0]",2015-02-22 15:21:12 -0800,"Boston, MA",Eastern Time (US & Canada),positive,2
5.69627946459275e+17,positive,Southwest,southwestair thank,"[0.0, 0.0]",2015-02-22 14:41:00 -0800,"Washington, DC",Eastern Time (US & Canada),positive,5
5.69626122578727e+17,positive,Southwest,southwestair tweet several time last week flight info storm always timely tweet back thx,"[0.0, 0.0]",2015-02-22 14:33:45 -0800,Southern Virginia!!!!!!,Eastern Time (US & Canada),positive,1
5.69617202984256e+17,positive,Southwest,southwestair prop la employee work c gate oppose fly la future,"[0.0, 0.0]",2015-02-22 13:58:18 -0800,.kansas city.,Eastern Time (US & Canada),positive,4
5.69606089316168e+17,positive,Southwest,southwestair ohk thank bc inexpensive airfare southwest travel around,"[0.0, 0.0]",2015-02-22 13:14:09 -0800,"Newark, NJ",Eastern Time (US & Canada),positive,0
5.69604066239763e+17,positive,Southwest,southwestair mad love httptcoojrsdwpkk nyc,"[0.0, 0.0]",2015-02-22 13:06:06 -0800,"everywhere, all the time.",Eastern Time (US & Canada),positive,2
5.69601658491003e+17,positive,Southwest,southwestair fav,"[0.0, 0.0]",2015-02-22 12:56:32 -0800,"Boston, MA",Eastern Time (US & Canada),positive,1
5.69596778426855e+17,positive,Southwest,southwestair get back min ago go hr wo appreciate support voucher essential,"[0.0, 0.0]",2015-02-22 12:37:09 -0800,"Albany, New York",Eastern Time (US & Canada),positive,5
5.69589379385008e+17,positive,Southwest,southwestair watch crew flight help elderly lady planefirstclass,"[33.4338494, -111.9963312]",2015-02-22 12:07:45 -0800,Indianapolis,Eastern Time (US & Canada),positive,1
5.69586743831192e+17,positive,Southwest,southwestair guy rule dm lt thank,"[0.0, 0.0]",2015-02-22 11:57:16 -0800,"Boston, MA",Arizona,positive,5
5.69586235259404e+17,positive,Southwest,southwestair good back see several week,"[34.7300769, -92.219814]",2015-02-22 11:55:15 -0800,#DFWLittleRockMempLAVegas#MS#,Eastern Time (US & Canada),positive,1
5.69585343084651e+17,positive,Southwest,southwestair stewardess really funny could get gent next use headphone would perfect flight,"[0.0, 0.0]",2015-02-22 11:51:42 -0800,"Boston, MA",Pacific Time (US & Canada),positive,5
5.69576038289711e+17,positive,Southwest,southwestair think great people work,"[0.0, 0.0]",2015-02-22 11:14:44 -0800,"Boston, MA",Eastern Time (US & Canada),positive,1
5.69571448412439e+17,positive,Southwest,southwestair way go fly denver today must airline cancel flightingdelaying flight flyswa denverairport,"[0.0, 0.0]",2015-02-22 10:56:30 -0800,"San Diego, CA USA",Pacific Time (US & Canada),positive,1
5.69558600353391e+17,positive,Southwest,southwestair guy amaze send people meet imagine dragon destinationdragons,"[0.0, 0.0]",2015-02-22 10:05:26 -0800,"Boston, MA",Eastern Time (US & Canada),positive,5
5.69545575688831e+17,positive,Southwest,southwestair line mile long sky harbor morning staff courteous expeditious thank onechildfourbags,"[0.0, 0.0]",2015-02-22 09:13:41 -0800,"Boston, MA",Eastern Time (US & Canada),positive,2
5.69542114234671e+17,positive,Southwest,southwestair realize wrong departure date thanks make change easy,"[0.0, 0.0]",2015-02-22 08:59:56 -0800,"Columbus, OH",Eastern Time (US & Canada),positive,2
5.69538524321419e+17,positive,Southwest,southwestair last week flew dal lax get u almost hour early thank,"[0.0, 0.0]",2015-02-22 08:45:40 -0800,"Boston, MA",Eastern Time (US & Canada),positive,1
5.69524284873425e+17,positive,Southwest,southwestair say customer service consistently best,"[40.72845228, -80.08224442]",2015-02-22 07:49:05 -0800,Cranberry 16066/Bonita Springs,Eastern Time (US & Canada),positive,3
5.69522923029041e+17,positive,Southwest,southwestair aarp tfw appreciate tweet back unexpected,"[0.0, 0.0]",2015-02-22 07:43:40 -0800,"Boston, MA",Quito,positive,1
5.69520929128251e+17,positive,Southwest,southwestair although wait long due weather rscheduling phone call super rep solve issue thank,"[0.0, 0.0]",2015-02-22 07:35:45 -0800,Upstate New York,Eastern Time (US & Canada),positive,5
5.69508707178058e+17,positive,Southwest,southwestair make world well place visit elderly relative,"[0.0, 0.0]",2015-02-22 06:47:11 -0800,"Boston, MA",Eastern Time (US & Canada),positive,1
5.69491061543797e+17,positive,Southwest,southwestair finally passbook option swa app thank,"[0.0, 0.0]",2015-02-22 05:37:04 -0800,"Overland Park, KS",Eastern Time (US & Canada),positive,0
5.69488587135296e+17,positive,Southwest,southwestair ive dmd thanks,"[0.0, 0.0]",2015-02-22 05:27:14 -0800,"Nashville, TN",Central Time (US & Canada),positive,5
5.69487788753555e+17,positive,Southwest,southwestair great flight yesterday msy au thank great safetyservice beautiful sky httptcoxeqyahfvz,"[0.0, 0.0]",2015-02-22 05:24:04 -0800,nola/beantown,Hawaii,positive,2
5.69482685061554e+17,positive,Southwest,southwestair great example customer service morning msy head atl alison bobbi fantastic gate b thank,"[0.0, 0.0]",2015-02-22 05:03:47 -0800,"Boston, MA",Atlantic Time (Canada),positive,5
5.69374298168791e+17,positive,Southwest,southwestair thx customer service rep alex patient help reflight book problem cancel flight flight get u tmrw,"[0.0, 0.0]",2015-02-21 21:53:05 -0800,"Boston, MA",Eastern Time (US & Canada),positive,4
5.69359647699812e+17,positive,Southwest,southwestair thank help adam awesome gate agent b la get u home,"[0.0, 0.0]",2015-02-21 20:54:52 -0800,"Lockport, NY",Eastern Time (US & Canada),positive,1
5.69358458404803e+17,positive,Southwest,southwestair southwest airline way go,"[0.0, 0.0]",2015-02-21 20:50:09 -0800,"Boston, MA",Eastern Time (US & Canada),positive,1
5.69351618522706e+17,positive,Southwest,southwestair thanks get home denver tonight despite snow,"[0.0, 0.0]",2015-02-21 20:22:58 -0800,"Nashville, tn ",Central Time (US & Canada),positive,1
5.69347122992185e+17,positive,Southwest,southwestair delacy p compassionate professional despite flight challenge make passenger feel like priority,"[0.0, 0.0]",2015-02-21 20:05:06 -0800,"Fairfax, VA
",Eastern Time (US & Canada),positive,2
5.69346451526042e+17,positive,Southwest,southwestair pilotsamp crew flt customer service professional baggage claim outstanding thank,"[0.0, 0.0]",2015-02-21 20:02:26 -0800,"Fairfax, VA
",Eastern Time (US & Canada),positive,5
5.69341791482221e+17,positive,Southwest,southwestair thanks help class act way see air,"[0.0, 0.0]",2015-02-21 19:43:55 -0800,N 30°23' 0'' / W 97°44' 0'',Eastern Time (US & Canada),positive,1
5.69332152065593e+17,positive,Southwest,southwestair kudos add passbook app love,"[0.0, 0.0]",2015-02-21 19:05:37 -0800,"Wilmington, North Carolina",Eastern Time (US & Canada),positive,0
5.69330414193484e+17,positive,Southwest,southwestair male flight attendant flight orlando indy amaze need raise best experience,"[0.0, 0.0]",2015-02-21 18:58:43 -0800,"Boston, MA",Central Time (US & Canada),positive,4
5.69324035835712e+17,positive,Southwest,southwestair thx grand view today flt seatac phx grandcanyon arizona wow love photography httptcodpqouatdf,"[0.0, 0.0]",2015-02-21 18:33:22 -0800,"San Juan Island, WA",Pacific Time (US & Canada),positive,2
5.69316487447622e+17,positive,Southwest,southwestair want thank great effort jamie mckinnie buf true pro major delay own raise,"[0.0, 0.0]",2015-02-21 18:03:22 -0800,catch me if you can,Eastern Time (US & Canada),positive,2
5.69312734896136e+17,positive,Southwest,southwestair thanks make good poteettj cancel flightled flight,"[0.0, 0.0]",2015-02-21 17:48:27 -0800,Columbus OH,Eastern Time (US & Canada),positive,4
5.69312688272052e+17,positive,Southwest,southwestair sent another drink couponsi think coupon free drink anyone,"[0.0, 0.0]",2015-02-21 17:48:16 -0800,Los Angeles/SF/Palo Alto,Pacific Time (US & Canada),positive,1
5.69309777567875e+17,positive,Southwest,southwestair love southwest accept flight attendant many talent always flyswa,"[0.0, 0.0]",2015-02-21 17:36:42 -0800,"Boston, MA",Alaska,positive,3
5.69301244948324e+17,positive,Southwest,southwestair ill cant dm follow thanks,"[0.0, 0.0]",2015-02-21 17:02:48 -0800,"Charleston, SC",Eastern Time (US & Canada),positive,3
5.69296707982221e+17,positive,Southwest,southwestair thanks send kid destinationdragons concert vega imaginedragons awesome httptcogbeasz,"[0.0, 0.0]",2015-02-21 16:44:46 -0800,AREA 51 NEVADA ,Eastern Time (US & Canada),positive,1
5.69292859909673e+17,positive,Southwest,southwestair yes minute tweet able reschedule flight thanks,"[0.0, 0.0]",2015-02-21 16:29:29 -0800,"Houston, Texas",Eastern Time (US & Canada),positive,1
5.69277512892551e+17,positive,Southwest,southwestair gate attendant mccarran c vega dallas go beyond long day frustration welcome,"[0.0, 0.0]",2015-02-21 15:28:30 -0800,"Boston, MA",Eastern Time (US & Canada),positive,1
5.69276734798893e+17,positive,Southwest,southwestair three cheer denver staff dont know get theyre keep u smile httptcorxzmyy,"[0.0, 0.0]",2015-02-21 15:25:24 -0800,"Austin, Texas ",Eastern Time (US & Canada),positive,3
5.69273230579479e+17,positive,Southwest,southwestair great blackhistorymonth commercial thx atl singer musician life blacklivesmatter,"[0.0, 0.0]",2015-02-21 15:11:29 -0800,Atlanta,Eastern Time (US & Canada),positive,5
5.69266206596735e+17,positive,Southwest,southwestair replace vitaminwater beer bravo cheer leinenkugels dosequis fattire,"[0.0, 0.0]",2015-02-21 14:43:34 -0800,chicago,Central Time (US & Canada),positive,5
5.69263177784906e+17,positive,Southwest,southwestair hope apart team job opening,"[0.0, 0.0]",2015-02-21 14:31:32 -0800,Nwps  CA.,Alaska,positive,4
5.6925762671589e+17,positive,Southwest,southwestair make head denver employee really pleasant told someone application asks thanks,"[0.0, 0.0]",2015-02-21 14:09:29 -0800,"Murfreesboro, TN",Central Time (US & Canada),positive,4
5.69236557367939e+17,positive,Southwest,southwestair wan na say youre incredible send people see idol sooooo kind amaze destinationdragons,"[0.0, 0.0]",2015-02-21 12:45:45 -0800,Texas,Central Time (US & Canada),positive,3
5.69234280632754e+17,positive,Southwest,southwestair thank left ipad plane fill lose found form yall found ship back thank flysw,"[0.0, 0.0]",2015-02-21 12:36:43 -0800,"Chicago, IL",Central Time (US & Canada),positive,0
5.69230652433936e+17,positive,Southwest,southwestair sent way thanks help,"[0.0, 0.0]",2015-02-21 12:22:17 -0800,Denver,Mountain Time (US & Canada),positive,1
5.69221213026972e+17,positive,Southwest,southwestair thats awesome library,"[0.0, 0.0]",2015-02-21 11:44:47 -0800,Volunteer State,Eastern Time (US & Canada),positive,1
5.69215035089691e+17,positive,Southwest,southwestair thanks much make cancel flightlation ive sent u info,"[0.0, 0.0]",2015-02-21 11:20:14 -0800,North Texas,Central Time (US & Canada),positive,1
5.6920791225129e+17,positive,Southwest,southwestair dm sent thanks help,"[0.0, 0.0]",2015-02-21 10:51:56 -0800,"San Diego, CA",Eastern Time (US & Canada),positive,1
5.69206711443182e+17,positive,Southwest,southwestair bgr luv swa employee use always,"[38.90385896, -76.51625101]",2015-02-21 10:47:10 -0800,Austin,Eastern Time (US & Canada),positive,0
5.69194554290774e+17,positive,Southwest,southwestair best case point httpstcoucvnilmbx ryand happybirthday,"[0.0, 0.0]",2015-02-21 09:58:51 -0800,"Louisville, KY",Eastern Time (US & Canada),positive,3
5.69192081618371e+17,positive,Southwest,southwestair incredible view smooth flight way even tho turbulence pilot rock httptconsusfsbpv,"[0.0, 0.0]",2015-02-21 09:49:01 -0800,"San Diego, Ca",Eastern Time (US & Canada),positive,0
5.69180541662028e+17,positive,Southwest,southwestair thank u thank u thank u come u sincerely didnt think would happen lt swa thankyou,"[0.0, 0.0]",2015-02-21 09:03:10 -0800,The Universe,Pacific Time (US & Canada),positive,1
5.69175432702108e+17,positive,Southwest,southwestair flight bnardu excellent crew today,"[0.0, 0.0]",2015-02-21 08:42:52 -0800,"Nashville, TN",Eastern Time (US & Canada),positive,1
5.69173103009526e+17,positive,Southwest,southwestair never felt well take care indian aunty gold standard thanks aruna httptcoaypyaduya,"[0.0, 0.0]",2015-02-21 08:33:37 -0800,"Boston, MA",Central Time (US & Canada),positive,5
5.69171003852468e+17,positive,Southwest,southwestair southwestoliver thats great fa right,"[0.0, 0.0]",2015-02-21 08:25:16 -0800,"Farmington, Utah",Eastern Time (US & Canada),positive,4
5.69170590831133e+17,positive,Southwest,southwestair dm sent thank,"[0.0, 0.0]",2015-02-21 08:23:38 -0800,"Dallas, TX",Central Time (US & Canada),positive,4
5.69165654848205e+17,positive,Southwest,southwestair theellenshow imaginedragons kdepetro great first night destinationdragons httptconlrfouay,"[0.0, 0.0]",2015-02-21 08:04:01 -0800,"Rhode Island ,Mass,CT",Eastern Time (US & Canada),positive,3
5.69165556722504e+17,positive,Southwest,southwestair finally thx,"[0.0, 0.0]",2015-02-21 08:03:37 -0800,"Boston, MA",Mountain Time (US & Canada),positive,0
5.69163696041173e+17,positive,Southwest,southwestair hello southwestair im happy fly morning dalmdw look forward comfortable fight,"[0.0, 0.0]",2015-02-21 07:56:14 -0800,"Dallas, TX Memphis, TN, MS",Eastern Time (US & Canada),positive,4
5.6916227640361e+17,positive,Southwest,southwestair attendant atl airport awesome helpful cancel flightlations morning,"[0.0, 0.0]",2015-02-21 07:50:35 -0800,Oklahoma City,Central Time (US & Canada),positive,1
5.6916092496092e+17,positive,Southwest,southwestair flt crew orangecounty denver best weather delay pilot invite kid see cockpit luv,"[33.6839241, -117.8607358]",2015-02-21 07:45:13 -0800,"Los Angeles, California",Pacific Time (US & Canada),positive,3
5.69159068834624e+17,positive,Southwest,southwestair amaze experience staff dia last night blown away hospitality wife crutch,"[0.0, 0.0]",2015-02-21 07:37:51 -0800,"Boston, MA",Eastern Time (US & Canada),positive,4
5.69155784988164e+17,positive,Southwest,southwestair great trip past week vega work pic southwest southwest httptcoaycflalxv,"[0.0, 0.0]",2015-02-21 07:24:48 -0800,"Boston, MA",Eastern Time (US & Canada),positive,1
5.69148485519462e+17,positive,Southwest,southwestair glad u guy business w class ur competitor spiritairlines,"[0.0, 0.0]",2015-02-21 06:55:47 -0800,#PureMichigan ,Atlantic Time (Canada),positive,3
5.69148114193531e+17,positive,Southwest,southwestair thanks great service staff let change flight time free pvd sky always swa,"[0.0, 0.0]",2015-02-21 06:54:19 -0800,"Barrington, Rhode Island",Eastern Time (US & Canada),positive,1
5.69134718396052e+17,positive,Southwest,southwestair great flight great view httptcoaufmxdaj,"[0.0, 0.0]",2015-02-21 06:01:05 -0800,Den10,Central Time (US & Canada),positive,1
5.69124416891818e+17,positive,Southwest,southwestair favorite airline cant wait book flight new orleans trip april,"[0.0, 0.0]",2015-02-21 05:20:09 -0800,"Narragansett, Rhode Island",Atlantic Time (Canada),positive,0
5.69108013547688e+17,positive,Southwest,southwestair love boarding go chicago keepitmovin,"[0.0, 0.0]",2015-02-21 04:14:58 -0800,"Boston, MA",Central Time (US & Canada),positive,1
5.6903046376065e+17,positive,Southwest,southwestair great la flight clarence frank guy hoot thanks,"[0.0, 0.0]",2015-02-20 23:06:49 -0800,New York,Eastern Time (US & Canada),positive,1
5.68999266741412e+17,positive,Southwest,southwestair hey southwest wan na go see imaginedragons guy lot well jet blue,"[0.0, 0.0]",2015-02-20 21:02:51 -0800,City of Angels,Pacific Time (US & Canada),positive,3
5.68998369353298e+17,positive,Southwest,southwestair hey sourhwest send atlanta see imaginedragons fly southwest forever u guy best airline,"[0.0, 0.0]",2015-02-20 20:59:17 -0800,City of Angels,Pacific Time (US & Canada),positive,3
5.68973617687626e+17,positive,Southwest,southwestair fortunemagazine great news,"[0.0, 0.0]",2015-02-20 19:20:56 -0800,USA,Eastern Time (US & Canada),positive,1
5.68969143581413e+17,positive,Southwest,southwestair well plane arrive pretty much time degree ground texas much complain,"[30.30630631, -97.71394697]",2015-02-20 19:03:09 -0800,"Washington, DC",America/New_York,positive,0
5.68964732981531e+17,positive,Southwest,southwestair alls well get comped multiple bag make day httptcoaavvoreph,"[0.0, 0.0]",2015-02-20 18:45:37 -0800,Raleigh,Eastern Time (US & Canada),positive,4
5.68964652455092e+17,positive,Southwest,southwestair thanks ride chicago kmdw b httptcocpypgfnd,"[0.0, 0.0]",2015-02-20 18:45:18 -0800,"Boston, MA",Eastern Time (US & Canada),positive,4
5.6895807423019e+17,positive,Southwest,southwestair jasonwhitely flt emer stop albuquer heart condition crew awesome pilot maverick divert,"[0.0, 0.0]",2015-02-20 18:19:10 -0800,"Boston, MA",Central Time (US & Canada),positive,1
5.68957488021828e+17,positive,Southwest,southwestair thanks much appreciate kindness adjust reservation even snowstorm still prefer southwest,"[0.0, 0.0]",2015-02-20 18:16:50 -0800,"iPhone: 35.300907,-85.900749",Central Time (US & Canada),positive,1
5.68954934084788e+17,positive,Southwest,southwestair guy held flight thank take mdw oakland thanks,"[0.0, 0.0]",2015-02-20 18:06:41 -0800,"Boston, MA",Eastern Time (US & Canada),positive,1
5.68953190252544e+17,positive,Southwest,southwestair first time fly youve definitely,"[0.0, 0.0]",2015-02-20 17:59:45 -0800,"Douglaston, NY",Atlantic Time (Canada),positive,0
5.68951532252586e+17,positive,Southwest,southwestair rock open letter flight attendant httptcozfroinpszi lt child inspire thank,"[0.0, 0.0]",2015-02-20 17:53:10 -0800,"Boston, MA",Pacific Time (US & Canada),positive,0
5.68951064688374e+17,positive,Southwest,southwestair thanks awesome flight connection delayed staff crew purely amaze,"[40.77512287, -73.86982237]",2015-02-20 17:51:19 -0800,"Douglaston, NY",Atlantic Time (Canada),positive,1
5.68951063463617e+17,positive,Southwest,southwestair great flight get u back time thanks,"[0.0, 0.0]",2015-02-20 17:51:18 -0800,"Boston, MA",Eastern Time (US & Canada),positive,1
5.68948848263082e+17,positive,Southwest,southwestair thx smooth land today flymidway applaud u abt weather takemeback httptcooqzwclla,"[0.0, 0.0]",2015-02-20 17:42:30 -0800,Chicagoland,Central Time (US & Canada),positive,0
5.68947768149938e+17,positive,Southwest,southwestair frustrate idea great crew thanks happycustomer,"[0.0, 0.0]",2015-02-20 17:38:13 -0800,"Austin, Texas",Central Time (US & Canada),positive,1
5.68944054303625e+17,positive,Southwest,southwestair early bird great employee awesome passenger kill buzz,"[0.0, 0.0]",2015-02-20 17:23:27 -0800,Ohio,Eastern Time (US & Canada),positive,2
5.68942857123336e+17,positive,Southwest,southwestair ahah whyi love sw,"[0.0, 0.0]",2015-02-20 17:18:42 -0800,"Boston, MA",Hawaii,positive,3
5.68940981321638e+17,positive,Southwest,southwestair lucky people like annamarie norris bwi hope get recognize excellent cust service,"[0.0, 0.0]",2015-02-20 17:11:15 -0800,"Boston, MA",Quito,positive,3
5.68932070447141e+17,positive,Southwest,southwestair wish wouldve see hour ago want see tonight bad cry,"[0.0, 0.0]",2015-02-20 16:35:50 -0800,"Boston, MA",Arizona,positive,1
5.68929754151146e+17,positive,Southwest,southwestair sacintlairport feel like good day fly thanks ontime departure sna bestinclass ft takemehome,"[0.0, 0.0]",2015-02-20 16:26:38 -0800,"Sacramento, CA",Eastern Time (US & Canada),positive,4
5.68929652003217e+17,positive,Southwest,southwestair great trip yesterday outstanding flight attendant,"[0.0, 0.0]",2015-02-20 16:26:13 -0800,"Washington, D.C.",Eastern Time (US & Canada),positive,1
5.68928486188032e+17,positive,Southwest,southwestair im flight everyone nice helpful im hop well get fly thank,"[0.0, 0.0]",2015-02-20 16:21:35 -0800,Nashville,Central Time (US & Canada),positive,1
5.68926716644745e+17,positive,Southwest,southwestair thank,"[0.0, 0.0]",2015-02-20 16:14:34 -0800,Somewhere in Tennessee,Quito,positive,5
5.6892665661569e+17,positive,Southwest,southwestair thank see u next wednesday fll save peanut,"[0.0, 0.0]",2015-02-20 16:14:19 -0800,"Boston, MA",Central Time (US & Canada),positive,0
5.68925459540345e+17,positive,Southwest,southwestair happy finally put southwestairlines boarding pas passbook make life much easy,"[0.0, 0.0]",2015-02-20 16:09:34 -0800,Los Angeles,Pacific Time (US & Canada),positive,0
5.68906726906335e+17,positive,Southwest,southwestair get take care thank lt,"[0.0, 0.0]",2015-02-20 14:55:08 -0800,310,Pacific Time (US & Canada),positive,5
5.68898165635576e+17,positive,Southwest,southwestair please acknowledge attendant jeff wernicke beat class service sw,"[0.0, 0.0]",2015-02-20 14:21:06 -0800,"camas, wa",Alaska,positive,1
5.68894680881963e+17,positive,Southwest,southwestair thank much access destinationdragons tonight thetroubadour imaginedragons cry die rn ripme,"[0.0, 0.0]",2015-02-20 14:07:16 -0800,TX | CA,Central Time (US & Canada),positive,5
5.68894341243998e+17,positive,Southwest,southwestair excite last minute trip disneyland doesnt know yet httptconkafbjyari,"[0.0, 0.0]",2015-02-20 14:05:55 -0800,Texas,Eastern Time (US & Canada),positive,0
5.68892047559504e+17,positive,Southwest,southwestair thank much httptcotgsbdfps,"[0.0, 0.0]",2015-02-20 13:56:48 -0800,Dodger Stadium | Disneyland,Pacific Time (US & Canada),positive,0
5.68888806805512e+17,positive,Southwest,southwestair rule,"[41.78959656, -87.74028015]",2015-02-20 13:43:55 -0800,"chicago, il ",Central Time (US & Canada),positive,1
5.6888425211016e+17,positive,Southwest,southwestair happily flight delayed cockpit visit blew fouryrolds mind thanks capn httptcocmqezxvdh,"[0.0, 0.0]",2015-02-20 13:25:49 -0800,"St. Paul, MN",Central Time (US & Canada),positive,4
5.68883464923001e+17,positive,Southwest,southwestair flight hour long one best flight ive ever kudos flight crew airline general,"[0.0, 0.0]",2015-02-20 13:22:42 -0800,city of Lost Angels,Central Time (US & Canada),positive,1
5.68882321119511e+17,positive,Southwest,southwestair thanks good u military folk cold stlouis sure enjoy flight httptcorcdhqj,"[38.73434659, -90.35501265]",2015-02-20 13:18:09 -0800,"Opelika, Alabama ",Central Time (US & Canada),positive,1
5.68873020460126e+17,positive,Southwest,southwestair thank much send la destinationdragons tonight gon na rock,"[0.0, 0.0]",2015-02-20 12:41:11 -0800,TX ΚΔ,Central Time (US & Canada),positive,1
5.68872880865325e+17,positive,Southwest,southwestair oh see thanks support padresst,"[0.0, 0.0]",2015-02-20 12:40:38 -0800,San Diego,Eastern Time (US & Canada),positive,1
5.68870144891601e+17,positive,Southwest,southwestair yeah haha never one expensive much fun destinationdragons,"[0.0, 0.0]",2015-02-20 12:29:46 -0800,"Boston, MA",Central Time (US & Canada),positive,1
5.68868703762297e+17,positive,Southwest,southwestair best video see ever teamspirit httpstcoxjenanye,"[0.0, 0.0]",2015-02-20 12:24:02 -0800,Ottawa Canada ,Eastern Time (US & Canada),positive,3
5.68866106317746e+17,positive,Southwest,southwestair samoore thank kind response acknowledgement apology go long way southwestrocks,"[0.0, 0.0]",2015-02-20 12:13:43 -0800,"Austin, TX",Central Time (US & Canada),positive,0
5.68856987632603e+17,positive,Southwest,southwestair guy rock easy quick affordable change flight bestairlineever neverchange,"[0.0, 0.0]",2015-02-20 11:37:29 -0800,"Washington, DC",Eastern Time (US & Canada),positive,1
5.68852176799277e+17,positive,Southwest,thank help shannon great customer service southwestair,"[0.0, 0.0]",2015-02-20 11:18:22 -0800,"Astoria, New York",Eastern Time (US & Canada),positive,5
5.68849994167529e+17,positive,Southwest,southwestair thanks lindsey amp southwest twitter team great service amp speedy resolution luvagent swa,"[0.0, 0.0]",2015-02-20 11:09:41 -0800,"Boston, MA",Eastern Time (US & Canada),positive,1
5.68846061307085e+17,positive,Southwest,southwestair thank dming,"[0.0, 0.0]",2015-02-20 10:54:04 -0800,"washington, dc",Eastern Time (US & Canada),positive,5
5.68828574641328e+17,positive,Southwest,southwestair thats awesome love fly swa,"[0.0, 0.0]",2015-02-20 09:44:35 -0800,"St. Louis, MO",Central Time (US & Canada),positive,3
5.68828335922356e+17,positive,Southwest,southwestair guy flight attendant last flight hilarious,"[0.0, 0.0]",2015-02-20 09:43:38 -0800,South ~O-H-I-O~ Side,Eastern Time (US & Canada),positive,1
5.68828267660055e+17,positive,Southwest,southwestair thanks info quick response,"[0.0, 0.0]",2015-02-20 09:43:21 -0800,"Austin, TX",Central Time (US & Canada),positive,1
5.68827958527275e+17,positive,Southwest,southwestair shhhh dont want something else steal deal,"[0.0, 0.0]",2015-02-20 09:42:08 -0800,Kansas City,Central Time (US & Canada),positive,5
5.68823050571027e+17,positive,Southwest,southwestair give guy raisegreat start flight az mke,"[0.0, 0.0]",2015-02-20 09:22:38 -0800,Milwaukee wi,Central Time (US & Canada),positive,1
5.68807908374286e+17,positive,Southwest,southwestair oh gosh go dm thank,"[0.0, 0.0]",2015-02-20 08:22:27 -0800,"Boston, MA",Alaska,positive,5
5.68807451249627e+17,positive,Southwest,southwestair thank much youre amaze im go cry omg,"[0.0, 0.0]",2015-02-20 08:20:38 -0800,"Boston, MA",Atlantic Time (Canada),positive,3
5.68800998929662e+17,positive,Southwest,southwestair hi want see new route plan year newark love fly guy hope,"[0.0, 0.0]",2015-02-20 07:55:00 -0800,"Hoboken, NJ",Eastern Time (US & Canada),positive,0
5.68800246433776e+17,positive,Southwest,southwestair thank well touch moveaboutthecountry,"[0.0, 0.0]",2015-02-20 07:52:01 -0800,Ohio (by way of Nebraska),Eastern Time (US & Canada),positive,5
5.68795746721514e+17,positive,Southwest,southwestair flight bwi isp ready go thanks keep u warm frigidfriday httptcobfpfweyku,"[0.0, 0.0]",2015-02-20 07:34:08 -0800,"Dallas, TX ",Eastern Time (US & Canada),positive,1
5.68794864533385e+17,positive,Southwest,southwestair love love love southwest rock always httpstcoqvsffrdu,"[0.0, 0.0]",2015-02-20 07:30:38 -0800,Indiana,Indiana (East),positive,3
5.68791283575202e+17,positive,Southwest,southwestair shout flight crew take amaze care u double flight thankyou,"[0.0, 0.0]",2015-02-20 07:16:24 -0800,"Grand Rapids,MI & Orlando, FL",Pacific Time (US & Canada),positive,1
5.68787787815776e+17,positive,Southwest,southwestair please hate fly different airline youre fav,"[0.0, 0.0]",2015-02-20 07:02:30 -0800,Michigan,Tehran,positive,3
5.687844364283e+17,positive,Southwest,southwestair jackpot legroom httptcozoicegli,"[33.67698231, -117.8647932]",2015-02-20 06:49:11 -0800,"Boston, MA",Pacific Time (US & Canada),positive,2
5.68781747128803e+17,positive,Southwest,southwestair live southwest imagine dragon favorite band met bestfriends thanks would amaze,"[0.0, 0.0]",2015-02-20 06:38:30 -0800,"Boston, MA",Eastern Time (US & Canada),positive,5
5.68773575705899e+17,positive,Southwest,southwestair love air travel doesnt get easy,"[0.0, 0.0]",2015-02-20 06:06:02 -0800,Colorado,Mountain Time (US & Canada),positive,0
5.68772912557134e+17,positive,Southwest,southwestair receive awesome phone help jim today help switch around flight book point,"[0.0, 0.0]",2015-02-20 06:03:24 -0800,"Indianapolis, IN",Indiana (East),positive,1
5.68763245911126e+17,positive,Southwest,southwestair thank cant wait either,"[0.0, 0.0]",2015-02-20 05:24:59 -0800,"Boston, MA",Eastern Time (US & Canada),positive,0
5.68762437832479e+17,positive,Southwest,southwestair sweet glad hear ill keep guy mind next time,"[0.0, 0.0]",2015-02-20 05:21:46 -0800,"Reno, NV, USA, Earth, Sol",Pacific Time (US & Canada),positive,3
5.68759914514014e+17,positive,Southwest,southwestair employee bwi amaze,"[0.0, 0.0]",2015-02-20 05:11:45 -0800,D{M}V,Quito,positive,3
5.68758001856848e+17,positive,Southwest,southwestair thanks respond,"[0.0, 0.0]",2015-02-20 05:04:09 -0800,"Portsmouth, NH",Eastern Time (US & Canada),positive,1
5.68697648028488e+17,positive,Southwest,southwestair release flight september found fly direct lbb la excite tripofalifetime,"[0.0, 0.0]",2015-02-20 01:04:19 -0800,"Boston, MA",Eastern Time (US & Canada),positive,0
5.68671818262774e+17,positive,Southwest,southwestair gracias appreciate,"[0.0, 0.0]",2015-02-19 23:21:41 -0800,"Austin, TX",Central Time (US & Canada),positive,1
5.6866426650248e+17,positive,Southwest,southwestair fantastic thats best flight service ive ever,"[0.0, 0.0]",2015-02-19 22:51:41 -0800,Orlando Florida. (Winter Park),Eastern Time (US & Canada),positive,3
5.68639461648503e+17,positive,Southwest,southwestair fly week bring blanket bc freeze,"[0.0, 0.0]",2015-02-19 21:13:07 -0800,"Boston, MA",Eastern Time (US & Canada),positive,0
5.68624572985004e+17,positive,Southwest,southwestair love imagine dragon much eould die get ticket,"[0.0, 0.0]",2015-02-19 20:13:57 -0800,"Boston, MA",Eastern Time (US & Canada),positive,5
5.68622422309482e+17,positive,Southwest,southwestair love imagine dragon flip much pls destinationdragons,"[0.0, 0.0]",2015-02-19 20:05:24 -0800,"Boston, MA",Eastern Time (US & Canada),positive,5
5.68615365619663e+17,positive,Southwest,southwestair would awesome experience destinationdragons,"[0.0, 0.0]",2015-02-19 19:37:22 -0800,North Carolina,Eastern Time (US & Canada),positive,1
5.68607454893728e+17,positive,Southwest,southwestair would cool best airline company hooked imaginedragons ticket vega,"[0.0, 0.0]",2015-02-19 19:05:56 -0800,"Boston, MA",Eastern Time (US & Canada),positive,3
5.68605955614642e+17,positive,Southwest,southwestair appreciate reply hopefully lax agent get memo cheer,"[0.0, 0.0]",2015-02-19 18:59:58 -0800,City of Angels,Pacific Time (US & Canada),positive,1
5.68591059602829e+17,positive,Southwest,southwestair nice trip back home looong vaca httptcotrvfncedl,"[0.0, 0.0]",2015-02-19 18:00:47 -0800,~~ Rhode Island ~~,Eastern Time (US & Canada),positive,1
5.6858974083394e+17,positive,Southwest,southwestair usually excellent swa flight,"[0.0, 0.0]",2015-02-19 17:55:32 -0800,"Kansas City, Missouri",Central Time (US & Canada),positive,0
5.68585356586586e+17,positive,Southwest,southwestair jason gate san make afternoon southwestairlines stellarservice thanks,"[0.0, 0.0]",2015-02-19 17:38:07 -0800,"Boston, MA",Eastern Time (US & Canada),positive,4
5.68584029106266e+17,positive,Southwest,southwestair thanks add straight flight columbus oakland,"[0.0, 0.0]",2015-02-19 17:32:50 -0800,"ÜT: 34.621818,-82.614032",Eastern Time (US & Canada),positive,1
5.68582794340897e+17,positive,Southwest,southwestair look forward direct flight california see family often thank michaelbcoleman byebyeusairline,"[0.0, 0.0]",2015-02-19 17:27:56 -0800,"Boston, MA",Eastern Time (US & Canada),positive,0
5.68579873926746e+17,positive,Southwest,southwestair crew tonight outstanding god bless medically train passenger board,"[0.0, 0.0]",2015-02-19 17:16:20 -0800,Iowa,Central Time (US & Canada),positive,2
5.68575335148581e+17,positive,Southwest,southwestairgive crew swa high five avb guy nice xw land bostonlogan nicely do,"[0.0, 0.0]",2015-02-19 16:58:18 -0800,Northern Virginia,Eastern Time (US & Canada),positive,1
5.68573661378175e+17,positive,Southwest,southwestair honest didnt expect fast response thank chiberia go,"[36.0931536, -86.6973554]",2015-02-19 16:51:39 -0800,Chicago,Central Time (US & Canada),positive,0
5.68572506300244e+17,positive,Southwest,southwestair already sign thanks look forward try southwest experience,"[0.0, 0.0]",2015-02-19 16:47:03 -0800,Atlanta,Eastern Time (US & Canada),positive,1
5.68570374335525e+17,positive,Southwest,southwestair thats youre bae,"[0.0, 0.0]",2015-02-19 16:38:35 -0800,"Boston, MA",Central Time (US & Canada),positive,3
5.68568900767654e+17,positive,Southwest,southwestair hear bad thing fly last weekend flight crew awesome thank,"[0.0, 0.0]",2015-02-19 16:32:44 -0800,"Boston, MA",Eastern Time (US & Canada),positive,1
5.68567255291703e+17,positive,Southwest,southwestair sorry spam would awesome see imaginedragons vega help would absolutely amaze,"[0.0, 0.0]",2015-02-19 16:26:11 -0800,"Boston, MA",Alaska,positive,1
5.68562728585065e+17,positive,Southwest,southwestair michaelbcoleman thanks make new direct flight san francisco,"[0.0, 0.0]",2015-02-19 16:08:12 -0800,"Columbus, Ohio",Eastern Time (US & Canada),positive,4
5.68562631616942e+17,positive,Southwest,southwestair crew great u today travel ft lauderdale louisville kid thanks,"[0.0, 0.0]",2015-02-19 16:07:49 -0800,"Boston, MA",Eastern Time (US & Canada),positive,1
5.68553101587833e+17,positive,Southwest,southwestair nvm gate say theyre hold connection thanks quick response,"[0.0, 0.0]",2015-02-19 15:29:57 -0800,Chapel Hill,Eastern Time (US & Canada),positive,4
5.68549781502497e+17,positive,Southwest,southwestair look forward beat music available flight today thats pretty cool,"[0.0, 0.0]",2015-02-19 15:16:45 -0800,sacramento.ca.usa,Arizona,positive,0
5.68548764484542e+17,positive,Southwest,southwestair best airfare price get ta luv,"[0.0, 0.0]",2015-02-19 15:12:43 -0800,"Columbia, Mo.",Central Time (US & Canada),positive,0
5.68546953262436e+17,positive,Southwest,southwestair thank,"[0.0, 0.0]",2015-02-19 15:05:31 -0800,catch me if you can,Eastern Time (US & Canada),positive,5
5.68542364207325e+17,positive,Southwest,southwestair thanks opportunity,"[0.0, 0.0]",2015-02-19 14:47:17 -0800,indiana,Hawaii,positive,1
5.68539193669915e+17,positive,Southwest,southwestair truly best customerservice something go wrong matter big small issue fix thank,"[0.0, 0.0]",2015-02-19 14:34:41 -0800,US,Eastern Time (US & Canada),positive,5
5.68538790244909e+17,positive,Southwest,southwestair easy airline deal loveeee much,"[0.0, 0.0]",2015-02-19 14:33:05 -0800,Los Angeles ,Arizona,positive,0
5.68538034947297e+17,positive,Southwest,southwestair thank,"[0.0, 0.0]",2015-02-19 14:30:05 -0800,We know all so follow -A,Eastern Time (US & Canada),positive,5
5.68535948042105e+17,positive,Southwest,southwestair ok gotcha,"[0.0, 0.0]",2015-02-19 14:21:47 -0800,Calgary AB Canada,Mountain Time (US & Canada),positive,0
5.68533372709909e+17,positive,Southwest,southwestair im excite perhaps could scale excitement back week,"[0.0, 0.0]",2015-02-19 14:11:33 -0800,Chicago,Central Time (US & Canada),positive,1
5.68531020267459e+17,positive,Southwest,southwestair thank guy,"[0.0, 0.0]",2015-02-19 14:02:12 -0800,"Boston, MA",Eastern Time (US & Canada),positive,1
5.68524407850689e+17,positive,Southwest,southwestair ceo gary kelly america love flown airline southwestrally bwi bestemployees swaculture swapic,"[0.0, 0.0]",2015-02-19 13:35:56 -0800,Washington DC,Eastern Time (US & Canada),positive,3
5.68523051853197e+17,positive,Southwest,southwestair dresparkles thank finally make destination,"[34.0658388, -117.5711653]",2015-02-19 13:30:32 -0800,"Gridley, CA. ",Pacific Time (US & Canada),positive,0
5.6851300330743e+17,positive,Southwest,southwestair make fly uno baseball fun flight crew lead plane sing happy birthday one guy luvintheair,"[0.0, 0.0]",2015-02-19 12:50:37 -0800,Omaha,Eastern Time (US & Canada),positive,4
5.6851063293005e+17,positive,Southwest,southwestair receive birthday card amaze make smile joy nice video thanks,"[0.0, 0.0]",2015-02-19 12:41:11 -0800,"iPhone: 38.639580,-90.237061",Central Time (US & Canada),positive,3
5.6851057079987e+17,positive,Southwest,thanks southwestair heartlanta,"[0.0, 0.0]",2015-02-19 12:40:57 -0800,"Atlanta, GA",Eastern Time (US & Canada),positive,1
5.68505615208694e+17,positive,Southwest,southwestair thanks b day concert watch notice fist bumphigh five end rock version,"[0.0, 0.0]",2015-02-19 12:21:15 -0800,SEA,Pacific Time (US & Canada),positive,4
5.6850228940263e+17,positive,Southwest,southwestair boyfriend love imaginedragons since amp would awesome go vega event way help,"[0.0, 0.0]",2015-02-19 12:08:02 -0800,"Boston, MA",Alaska,positive,1
5.68494498361295e+17,positive,Southwest,southwestair thank great tool,"[0.0, 0.0]",2015-02-19 11:37:05 -0800,"Boston, MA",Eastern Time (US & Canada),positive,5
5.68494397144359e+17,positive,Southwest,southwestair know crew today flight au pdx awesome swa,"[0.0, 0.0]",2015-02-19 11:36:41 -0800,"Boston, MA",Eastern Time (US & Canada),positive,1
5.68489786081714e+17,positive,Southwest,southwestair sit talk tech conference awesome guy roll across luv guy lol,"[0.0, 0.0]",2015-02-19 11:18:21 -0800,"Austin, Texas",Central Time (US & Canada),positive,1
5.68483773467263e+17,positive,Southwest,southwestair thanks attention ive fly southwest year havent issue past,"[0.0, 0.0]",2015-02-19 10:54:28 -0800,"Denver, Colorado",Mountain Time (US & Canada),positive,1
5.68478666868589e+17,positive,Southwest,southwestair destinationdragons imaginedragons im huge fan would love tix show,"[0.0, 0.0]",2015-02-19 10:34:10 -0800,"Los Angeles, CA",Central Time (US & Canada),positive,5
5.68476518852248e+17,positive,Southwest,southwestair scott best thank yo bottom heartdestinationdragons friend la hayleymad see u friday,"[0.0, 0.0]",2015-02-19 10:25:38 -0800,"Boston, MA",Eastern Time (US & Canada),positive,0
5.68470715009278e+17,positive,Southwest,southwestair fly non stop cmhoak daydream trip bayespecially weather ohioprobz,"[0.0, 0.0]",2015-02-19 10:02:34 -0800,"Columbus, Ohio",Eastern Time (US & Canada),positive,0
5.68468715819266e+17,positive,Southwest,southwestair yeehaw found u another plane thx listen vent,"[0.0, 0.0]",2015-02-19 09:54:38 -0800,"Boston, MA",Arizona,positive,0
5.68465058264699e+17,positive,Southwest,southwestair unbelievable thank much destinationdragons,"[0.0, 0.0]",2015-02-19 09:40:06 -0800,"Boston, MA",Eastern Time (US & Canada),positive,0
5.68464940367008e+17,positive,Southwest,southwestair amaze c today sw thank much reason fly southwest,"[0.0, 0.0]",2015-02-19 09:39:38 -0800,Barrie | Ontario | Canada,Eastern Time (US & Canada),positive,1
5.68464798926524e+17,positive,Southwest,southwestair best airline one well onelove southwest bestairline,"[0.0, 0.0]",2015-02-19 09:39:04 -0800,"Boston, MA",Alaska,positive,3
5.68464337146405e+17,positive,Southwest,southwestair great cabin flight crew morning great smile happy staff sign happy company thanks,"[0.0, 0.0]",2015-02-19 09:37:14 -0800,13Curious,Eastern Time (US & Canada),positive,1
5.68463331251634e+17,positive,Southwest,southwestair thank always go beyond customer service favoriteairline luvforsw southwestair,"[0.0, 0.0]",2015-02-19 09:33:14 -0800,"Boston, MA",Eastern Time (US & Canada),positive,3
5.68460539602608e+17,positive,Southwest,southwestair great news portcolumbuscmh today finally columbus top unserved market flight,"[0.0, 0.0]",2015-02-19 09:22:08 -0800,United States,Eastern Time (US & Canada),positive,2
5.6845460667553e+17,positive,Southwest,southwestair owe apology tweet frustration constructive criticism im sw fan amp love service,"[0.0, 0.0]",2015-02-19 08:58:34 -0800,"Boston, MA",Eastern Time (US & Canada),positive,3
5.68453988758233e+17,positive,Southwest,southwestair thank bringbacktheluvtordu miami directflights,"[0.0, 0.0]",2015-02-19 08:56:06 -0800,"Boston, MA",Eastern Time (US & Canada),positive,5
5.68452051740414e+17,positive,Southwest,southwestair would great thank ill send follow,"[33.05776114, -96.78169517]",2015-02-19 08:48:25 -0800,"Los Angeles, CA",Pacific Time (US & Canada),positive,5
5.68448077624771e+17,positive,Southwest,southwestair fortunemagazine love sw forever,"[0.0, 0.0]",2015-02-19 08:32:37 -0800,"Boston, MA",Hawaii,positive,3
5.68446450700558e+17,positive,Southwest,southwestair sw rock thanks reply follow rebooked earlier flight,"[0.0, 0.0]",2015-02-19 08:26:09 -0800,CT,Eastern Time (US & Canada),positive,1
5.68445415768478e+17,positive,Southwest,southwestair fortunemagazine congrats,"[0.0, 0.0]",2015-02-19 08:22:02 -0800,Worldwide,Atlantic Time (Canada),positive,1
5.68444321113862e+17,positive,Southwest,southwestair fortunemagazine well deserve,"[0.0, 0.0]",2015-02-19 08:17:41 -0800,"Boston, MA",Eastern Time (US & Canada),positive,1
5.68443115415036e+17,positive,Southwest,southwestair fortunemagazine always tell everyone fly southwest congratulation,"[0.0, 0.0]",2015-02-19 08:12:54 -0800,"Sutherlin, Oregon",Eastern Time (US & Canada),positive,1
5.68442711910576e+17,positive,Southwest,southwestair fortunemagazine friendliest employee,"[0.0, 0.0]",2015-02-19 08:11:18 -0800,Virginia,Atlantic Time (Canada),positive,1
5.68440527328121e+17,positive,Southwest,southwestair fortunemagazine superb choice swa rave fan even take stress weatherrelate flightd glitch custexp,"[0.0, 0.0]",2015-02-19 08:02:37 -0800,"La Jolla, California ",Eastern Time (US & Canada),positive,5
5.68440384897966e+17,positive,Southwest,southwestair listen center open seat like plane ragandisney,"[0.0, 0.0]",2015-02-19 08:02:03 -0800,"Boston, MA",Eastern Time (US & Canada),positive,0
5.68438312177762e+17,positive,Southwest,southwestair oh god thank much sent dm,"[0.0, 0.0]",2015-02-19 07:53:49 -0800,Vegas,Pacific Time (US & Canada),positive,0
5.684380185723e+17,positive,Southwest,southwestair thank prompt response email late flightr today,"[0.0, 0.0]",2015-02-19 07:52:39 -0800,"iPhone: 44.912468,-93.318619",Central Time (US & Canada),positive,0
5.68438000843035e+17,positive,Southwest,thanks southwestair get go destinationdragons imaginedragons show weekend utah velourlive thankyou,"[0.0, 0.0]",2015-02-19 07:52:35 -0800,"Boston, MA",Eastern Time (US & Canada),positive,1
5.68437028205036e+17,positive,Southwest,southwestair fortunemagazine love u southwest youve always helpful travel lot wmy son infanttoddler u great,"[0.0, 0.0]",2015-02-19 07:48:43 -0800,"Fort Worth, Texas",Eastern Time (US & Canada),positive,1
5.68437004045672e+17,positive,Southwest,southwestair fortunemagazine love fly southwest best flight attendant ever,"[0.0, 0.0]",2015-02-19 07:48:37 -0800,Minnesota,Eastern Time (US & Canada),positive,1
5.68434790707278e+17,positive,Southwest,southwestair fortunemagazine like airline congrats,"[0.0, 0.0]",2015-02-19 07:39:49 -0800,Northwest,Pacific Time (US & Canada),positive,1
5.68434328943915e+17,positive,Southwest,southwestair hi guy good morning,"[0.0, 0.0]",2015-02-19 07:37:59 -0800,pittsburgh pa,Eastern Time (US & Canada),positive,1
5.68434004732416e+17,positive,Southwest,southwestair southwest definitely favorite airline fly,"[0.0, 0.0]",2015-02-19 07:36:42 -0800,"Austin, Texas",Central Time (US & Canada),positive,0
5.68432390957355e+17,positive,Southwest,southwestair guess ashley shes great job present ragandisney httptcoznmwxdiu,"[0.0, 0.0]",2015-02-19 07:30:17 -0800,"Window Rock, Arizona",Central Time (US & Canada),positive,5
5.68429191546278e+17,positive,Southwest,southwestair thank integrate passbook io work much well,"[0.0, 0.0]",2015-02-19 07:17:34 -0800,NY,Eastern Time (US & Canada),positive,0
5.68425737092514e+17,positive,Southwest,southwestair thanks agent boarding atlaus left wallet inbound found,"[0.0, 0.0]",2015-02-19 07:03:51 -0800,ATL,Quito,positive,4
5.68425343452721e+17,positive,Southwest,southwestair iphone app passbook support whoot little thing life,"[0.0, 0.0]",2015-02-19 07:02:17 -0800,"Roseville, CA",Pacific Time (US & Canada),positive,0
5.68416519073468e+17,positive,Southwest,southwestair aww thanks love,"[28.43585235, -81.30356273]",2015-02-19 06:27:13 -0800,"Orlando, Florida",Eastern Time (US & Canada),positive,1
5.68413673330332e+17,positive,Southwest,southwestair mco thanks,"[0.0, 0.0]",2015-02-19 06:15:54 -0800,"Boston, MA",Eastern Time (US & Canada),positive,1
5.68413356492599e+17,positive,Southwest,southwestair new logo go look amaze airplane,"[32.96225554, -96.80070994]",2015-02-19 06:14:39 -0800,"dallas,texas",Eastern Time (US & Canada),positive,3
5.6839797611001e+17,positive,Southwest,appreciate reply rt southwestair luxclark sorry keep wait laura agent shortlycb,"[0.0, 0.0]",2015-02-19 05:13:32 -0800,"San Antonio, Texas",Central Time (US & Canada),positive,1
5.6839139252897e+17,positive,Southwest,southwestair love guy take airline weekmakes love appreciate yall much onlywaytofly,"[0.0, 0.0]",2015-02-19 04:47:22 -0800,"Boston, MA",Central Time (US & Canada),positive,1
5.68377392420356e+17,positive,Southwest,southwestair dm sent thanks much respond response timely miss,"[0.0, 0.0]",2015-02-19 03:51:44 -0800,"Houston, TX",Central Time (US & Canada),positive,1
5.68361830160175e+17,positive,Southwest,southwestair thank flight go nashville guy rock disneyprincesshalfmarathon girlsweekend bffs,"[0.0, 0.0]",2015-02-19 02:49:54 -0800,"Boston, MA",Eastern Time (US & Canada),positive,1
5.68319110779515e+17,positive,Southwest,southwestair thx ops agt rich westagard n flight att nancy den airportheld flight n even save seat bus select customersfirst,"[0.0, 0.0]",2015-02-19 00:00:09 -0800,"Indianapolis, USA",Eastern Time (US & Canada),positive,2
5.68308149796475e+17,positive,Southwest,southwestair yall real mvp price,"[0.0, 0.0]",2015-02-18 23:16:36 -0800,"601,303,404,✈️ 400Blk",Mountain Time (US & Canada),positive,2
5.68281771298521e+17,positive,Southwest,southwestair love bridesmaid dance cant wait fly puerto vallarta kick united as,"[0.0, 0.0]",2015-02-18 21:31:47 -0800,"Houston, Texas",Central Time (US & Canada),positive,3
5.68275746516386e+17,positive,Southwest,southwestair airline understands u military family unpredictable change pound,"[0.0, 0.0]",2015-02-18 21:07:50 -0800,HTX,Atlantic Time (Canada),positive,2
5.68274752864948e+17,positive,Southwest,southwestair get tiks destinationdragons omg id love plz im die,"[0.0, 0.0]",2015-02-18 21:03:53 -0800,"Boston, MA",Santiago,positive,5
5.68258896038507e+17,positive,Southwest,look forward use passbook fly southwestair week,"[0.0, 0.0]",2015-02-18 20:00:53 -0800,"Dallas, TX",Central Time (US & Canada),positive,0
5.68240355772109e+17,positive,Southwest,southwestair fantastic thank,"[0.0, 0.0]",2015-02-18 18:47:12 -0800,ATLANTA ,Eastern Time (US & Canada),positive,5
5.68238379847922e+17,positive,Southwest,southwestair great flight phoenix dallas tonightgreat service time make timieyancey happy httptcotkvcmhbpim,"[0.0, 0.0]",2015-02-18 18:39:21 -0800,"Boston, MA",Eastern Time (US & Canada),positive,4
5.68236231374582e+17,positive,Southwest,southwestair guy clever httptcoqnodugfqk,"[0.0, 0.0]",2015-02-18 18:30:49 -0800,Wisconsin,Central Time (US & Canada),positive,1
5.68232493779825e+17,positive,Southwest,southwestair amaze view approach lax tonight httptcoadfulmh,"[0.0, 0.0]",2015-02-18 18:15:58 -0800,"Rockwall, TX",Eastern Time (US & Canada),positive,3
5.68228761566642e+17,positive,Southwest,southwestair really appreciate alls bhm commercial air today bet bookofnegroes,"[0.0, 0.0]",2015-02-18 18:01:08 -0800,"The Bull City, NC",Central Time (US & Canada),positive,0
5.68220313370014e+17,positive,Southwest,southwestair thanks reply sent conf love aviation southwest want th fly swa day,"[0.0, 0.0]",2015-02-18 17:27:34 -0800,"Lake Buena Vista, Florida",Central Time (US & Canada),positive,1
5.68215698524246e+17,positive,Southwest,southwestair thanks take notch leinenkugels craftbeer goodflight norfolk httptcotgsljjng,"[36.898315, -76.204491]",2015-02-18 17:09:14 -0800,The Hill!!!,Santiago,positive,5
5.68212796422406e+17,positive,Southwest,southwestair thank u leave nice job run thru airport catch connect flight,"[0.0, 0.0]",2015-02-18 16:57:42 -0800,1/3 whenever november ,Central Time (US & Canada),positive,1
5.68211739059327e+17,positive,Southwest,southwestair thanks much make night wait trip next week httptconbzjcdr,"[0.0, 0.0]",2015-02-18 16:53:30 -0800,"Boston, MA",Eastern Time (US & Canada),positive,0
5.68209603332215e+17,positive,Southwest,southwestair filing thank response,"[29.65275101, -95.27596615]",2015-02-18 16:45:00 -0800,Maryland,Atlantic Time (Canada),positive,0
5.68202940839801e+17,positive,Southwest,southwestair one heck airline httptcocyoonzftdc,"[0.0, 0.0]",2015-02-18 16:18:32 -0800,"Boston, MA",Eastern Time (US & Canada),positive,1
5.68193603954086e+17,positive,Southwest,southwestair woohoo make day look couldnt find thank,"[0.0, 0.0]",2015-02-18 15:41:26 -0800,"Bay Area, California",Pacific Time (US & Canada),positive,0
5.68192010789777e+17,positive,Southwest,southwestair great flight damion best damionflight,"[0.0, 0.0]",2015-02-18 15:35:06 -0800,"Boston, MA",Eastern Time (US & Canada),positive,1
5.68188595456119e+17,positive,Southwest,southwestair whoa thanks thats want hear early flight come thanks reply,"[0.0, 0.0]",2015-02-18 15:21:32 -0800,Denver,Mountain Time (US & Canada),positive,1
5.68183137467044e+17,positive,Southwest,southwestair thx finger cross found,"[0.0, 0.0]",2015-02-18 14:59:50 -0800,"Washington, DC",Eastern Time (US & Canada),positive,0
5.68182386409607e+17,positive,Southwest,southwestair far good httptcocexrk,"[0.0, 0.0]",2015-02-18 14:56:51 -0800,"San Diego, CA",Pacific Time (US & Canada),positive,1
5.68180868126151e+17,positive,Southwest,southwestair imaginedragons beatsmusic id love hear live velourlive velourlive saturday destinationdragons,"[0.0, 0.0]",2015-02-18 14:50:49 -0800,"Boston, MA",Eastern Time (US & Canada),positive,3
5.68180710252646e+17,positive,Southwest,southwestair thats fly yall personalize service,"[0.0, 0.0]",2015-02-18 14:50:12 -0800,"Nashville, TN",Arizona,positive,3
5.68180264914051e+17,positive,Southwest,southwestair imaginedragons beatsmusic well time tweet board listen way home,"[0.0, 0.0]",2015-02-18 14:48:26 -0800,"Nashville, TN",Arizona,positive,1
5.68170929639059e+17,positive,Southwest,southwestair awesome thank,"[0.0, 0.0]",2015-02-18 14:11:20 -0800,"Warren, OH",Eastern Time (US & Canada),positive,1
5.68169837878485e+17,positive,Southwest,southwestair luckily people work bso chicago midway attentive found bag punta cana,"[0.0, 0.0]",2015-02-18 14:07:00 -0800,"Canton, MA",Eastern Time (US & Canada),positive,4
5.68165260605014e+17,positive,Southwest,southwestair pit gate big shout lady try track,"[0.0, 0.0]",2015-02-18 13:48:48 -0800,"Boston, MA",Eastern Time (US & Canada),positive,1
5.68164059981308e+17,positive,Southwest,southwestair great experience customer service team thank luvsw alist,"[0.0, 0.0]",2015-02-18 13:44:02 -0800,Colorado,Eastern Time (US & Canada),positive,5
5.68162290890965e+17,positive,Southwest,southwestair way know checked bag curb awesome want sure get high five,"[0.0, 0.0]",2015-02-18 13:37:00 -0800,"Boston, MA",Eastern Time (US & Canada),positive,1
5.68155440267162e+17,positive,Southwest,southwestair thank handle glad southwest care flyer think,"[0.0, 0.0]",2015-02-18 13:09:47 -0800,"Boston, MA",Eastern Time (US & Canada),positive,5
5.68155246616121e+17,positive,Southwest,bingo southwestair thank bring attention well happy reach noah make right mr,"[0.0, 0.0]",2015-02-18 13:09:01 -0800,"Southern California, USA",Pacific Time (US & Canada),positive,4
5.68149194654904e+17,positive,Southwest,southwestair loveluv addition passbook option,"[0.0, 0.0]",2015-02-18 12:44:58 -0800,"Rockwall, TX USA",Central Time (US & Canada),positive,0
5.68148807684198e+17,positive,Southwest,southwestair thanks follow glad get bag back,"[0.0, 0.0]",2015-02-18 12:43:26 -0800,Maryland,Eastern Time (US & Canada),positive,1
5.68144447931687e+17,positive,Southwest,southwestair amaze service sw stewardess den cun cun atl atl lax thank u,"[0.0, 0.0]",2015-02-18 12:26:06 -0800,"Boston, MA",Pacific Time (US & Canada),positive,5
5.68140628959359e+17,positive,Southwest,southwestair love dragon lol im sorry im see lauren oh god ahhhh,"[0.0, 0.0]",2015-02-18 12:10:56 -0800,MA,Eastern Time (US & Canada),positive,2
5.6813755793596e+17,positive,Southwest,southwestair twice year hard get vacation time work sometimes love fly guy,"[0.0, 0.0]",2015-02-18 11:58:43 -0800,"Boston, MA",Eastern Time (US & Canada),positive,3
5.6813680622438e+17,positive,Southwest,southwestair give ticket see imaginedragons velourlive saturday cant even right haha thank,"[0.0, 0.0]",2015-02-18 11:55:44 -0800,"Boston, MA",Mountain Time (US & Canada),positive,3
5.68134211493696e+17,positive,Southwest,southwestair karajusto ok thank,"[0.0, 0.0]",2015-02-18 11:45:26 -0800,CT,Eastern Time (US & Canada),positive,0
5.68113383242912e+17,positive,Southwest,southwestair thanks follow appreciate,"[38.97681463, -76.50266928]",2015-02-18 10:22:40 -0800,"Boston, MA",Eastern Time (US & Canada),positive,1
5.68112842261594e+17,positive,Southwest,southwestair arrive san juan early thanks great flight luv u,"[0.0, 0.0]",2015-02-18 10:20:31 -0800,"Boston, MA",Eastern Time (US & Canada),positive,1
5.68108100827218e+17,positive,Southwest,southwestair thank kindly,"[0.0, 0.0]",2015-02-18 10:01:40 -0800,"Houston, Texas",Mountain Time (US & Canada),positive,5
5.68107472260624e+17,positive,Southwest,southwestair great job celebrate mardigras industry another reason im nut httptcowbzorrnc,"[0.0, 0.0]",2015-02-18 09:59:10 -0800,http://goo.gl/eZTfG,Arizona,positive,4
5.68105106647839e+17,positive,Southwest,southwestair add passbook support io application finally get add collection httptcolednocdqee,"[30.43823709, -97.76632883]",2015-02-18 09:49:46 -0800,"Austin, TX",Central Time (US & Canada),positive,4
5.68100973966569e+17,positive,Southwest,southwestairswadiversity ready inspire httptcoseswagum,"[0.0, 0.0]",2015-02-18 09:33:21 -0800,"Boston, MA",Eastern Time (US & Canada),positive,0
5.68093988516803e+17,positive,Southwest,southwestairtcoaayavgb ld warm thanks,"[0.0, 0.0]",2015-02-18 09:05:36 -0800,Kirkwood Missouri,Central Time (US & Canada),positive,1
5.68091794304401e+17,positive,Southwest,southwestair love tv ad girl dance make laugh every time want take trip,"[0.0, 0.0]",2015-02-18 08:56:53 -0800,California,Pacific Time (US & Canada),positive,3
5.68087881387885e+17,positive,Southwest,southwestair yes bag come straight hotel thank guy rock,"[0.0, 0.0]",2015-02-18 08:41:20 -0800,"Tampa / St Petersburg ,Florida",Central Time (US & Canada),positive,1
5.68087131748504e+17,positive,Southwest,southwestair thank,"[0.0, 0.0]",2015-02-18 08:38:21 -0800,"Boston, MA",Eastern Time (US & Canada),positive,5
5.68086667258679e+17,positive,Southwest,southwestair love dragon oh gosh,"[0.0, 0.0]",2015-02-18 08:36:30 -0800,"Toronto, Canada",Atlantic Time (Canada),positive,5
5.68085970983252e+17,positive,Southwest,southwestair love dragon lauren im scream,"[0.0, 0.0]",2015-02-18 08:33:44 -0800,Boston (sort of),Eastern Time (US & Canada),positive,4
5.68085962049217e+17,positive,Southwest,southwestair love dragon lauren omg im dead im happy yes yes,"[0.0, 0.0]",2015-02-18 08:33:42 -0800,PostVegasDepression in Texsus,Eastern Time (US & Canada),positive,4
5.68085714744685e+17,positive,Southwest,southwestair youre best,"[0.0, 0.0]",2015-02-18 08:32:43 -0800,Texas,Central Time (US & Canada),positive,3
5.68085366441247e+17,positive,Southwest,southwestair love dragon lauren omg best airline ever,"[0.0, 0.0]",2015-02-18 08:31:20 -0800,"Boston, MA",Eastern Time (US & Canada),positive,3
5.68084881303073e+17,positive,Southwest,southwestair love dragon holy fuckinf shit,"[0.0, 0.0]",2015-02-18 08:29:24 -0800,ʞᴚoʎ   ʍǝu,Eastern Time (US & Canada),positive,5
5.68084860008571e+17,positive,Southwest,southwestair love dragon oh god lauren oh god oh god,"[0.0, 0.0]",2015-02-18 08:29:19 -0800,"Boston, MA",Central Time (US & Canada),positive,2
5.68082817562898e+17,positive,Southwest,southwestair thank thank thank,"[0.0, 0.0]",2015-02-18 08:21:12 -0800,2/26/14,Eastern Time (US & Canada),positive,5
5.68076081665679e+17,positive,Southwest,southwestair oh gosh seriously make day week year one appreciate,"[0.0, 0.0]",2015-02-18 07:54:26 -0800,"Salt Lake City, UT",Eastern Time (US & Canada),positive,1
5.6807295882199e+17,positive,Southwest,southwestair pleasantly surprised boarding flight time morning fly nashville good job,"[0.0, 0.0]",2015-02-18 07:42:02 -0800,"Nashville, tn ",Central Time (US & Canada),positive,1
5.68067878546756e+17,positive,Southwest,southwestair awesome send,"[0.0, 0.0]",2015-02-18 07:21:51 -0800,"Austin, TX, USA",Central Time (US & Canada),positive,1
5.68059610969604e+17,positive,Southwest,southwestair thank,"[0.0, 0.0]",2015-02-18 06:48:59 -0800,"Worcester, MA ",Eastern Time (US & Canada),positive,5
5.68058146729669e+17,positive,Southwest,southwestair thank time,"[0.0, 0.0]",2015-02-18 06:43:10 -0800,Somewhere over the rainbow.,Atlantic Time (Canada),positive,0
5.6805373292936e+17,positive,Southwest,southwestair land nashville thanks take care u httptcoryxbplgmnk,"[0.0, 0.0]",2015-02-18 06:25:38 -0800,"Nashville, TN",Quito,positive,1
5.68051605247021e+17,positive,Southwest,southwestair thanks info good day,"[0.0, 0.0]",2015-02-18 06:17:11 -0800,"Suffolk County, New York",Eastern Time (US & Canada),positive,1
5.68047468384002e+17,positive,Southwest,southwestair oh worry nl disappointment well lounge like delta disappoint,"[0.0, 0.0]",2015-02-18 06:00:44 -0800,✈ Check ☟ out ☟ my blog ☟,Eastern Time (US & Canada),positive,2
5.68041723642962e+17,positive,Southwest,southwestair thanks get back nashville big thanks pilot baltimore fly snow land ice,"[0.0, 0.0]",2015-02-18 05:37:55 -0800,"Nashville, TN",Central Time (US & Canada),positive,1
5.68039503065174e+17,positive,Southwest,southwestair last night thanks follow,"[0.0, 0.0]",2015-02-18 05:29:05 -0800,"FL, US of A",Eastern Time (US & Canada),positive,0
5.68037842838024e+17,positive,Southwest,southwestair win always save day get direct orlando,"[0.0, 0.0]",2015-02-18 05:22:30 -0800,"Boston, MA",Quito,positive,1
5.68027403462652e+17,positive,Southwest,southwestair thank finally make boarding pass work passbook,"[0.0, 0.0]",2015-02-18 04:41:01 -0800,"Boston, MA",Arizona,positive,0
5.67931567881876e+17,positive,Southwest,southwestair neveind found way thanks make process painless,"[0.0, 0.0]",2015-02-17 22:20:12 -0800,"Oakland, CA",Central Time (US & Canada),positive,4
5.67912504656966e+17,positive,Southwest,southwestair johnwayneair thank much,"[0.0, 0.0]",2015-02-17 21:04:27 -0800,"Boston, MA",Alaska,positive,0
5.67907935331971e+17,positive,Southwest,southwestair official airline divadapouch aka thepoopqueen httptcoxxydimnp,"[0.0, 0.0]",2015-02-17 20:46:17 -0800,"Clover, SC",Eastern Time (US & Canada),positive,3
5.67907483177583e+17,positive,Southwest,southwestair able change flight without fee oh two free checked bag best airline ever,"[0.0, 0.0]",2015-02-17 20:44:29 -0800,Duke University Class of 2018,Atlantic Time (Canada),positive,3
5.67907070269198e+17,positive,Southwest,southwestair wonderfully nice agent austin help u wish remember name give proper kudos,"[0.0, 0.0]",2015-02-17 20:42:51 -0800,"Spokane, WA",Eastern Time (US & Canada),positive,1
5.67906137938399e+17,positive,Southwest,southwestair hot stewardess flip,"[0.0, 0.0]",2015-02-17 20:39:09 -0800,"Roseville, California",Eastern Time (US & Canada),positive,5
5.67897629364851e+17,positive,Southwest,southwestair flight phi den staffed great crew freecomedyshow newlifetimecustomer,"[0.0, 0.0]",2015-02-17 20:05:20 -0800,"Boston, MA",Atlantic Time (Canada),positive,4
5.67892874756502e+17,positive,Southwest,southwestair best customer service,"[0.0, 0.0]",2015-02-17 19:46:26 -0800,"Raleigh, NC",Eastern Time (US & Canada),positive,3
5.67890395322921e+17,positive,Southwest,southwestair big thanks team family emerg day ticket experience excellent st time fly yall last,"[0.0, 0.0]",2015-02-17 19:36:35 -0800,"Denver, CO",Eastern Time (US & Canada),positive,2
5.67886632155681e+17,positive,Southwest,southwestair total win happy th bday intercom chocolate flight kiss chance hand snacksthank httptconklozcntto,"[0.0, 0.0]",2015-02-17 19:21:38 -0800,Dallas,London,positive,5
5.67885982340637e+17,positive,Southwest,southwestair thanks excellent response time assistance set,"[0.0, 0.0]",2015-02-17 19:19:03 -0800,"Boston, MA",Eastern Time (US & Canada),positive,0
5.67880908528833e+17,positive,Southwest,southwestair cant wait thanks response,"[39.73167173, -86.3559619]",2015-02-17 18:58:53 -0800,Indiana,Indiana (East),positive,0
5.67880664600699e+17,positive,Southwest,southwestair get cover thanks,"[0.0, 0.0]",2015-02-17 18:57:55 -0800,CO to CA,Pacific Time (US & Canada),positive,1
5.67878436909228e+17,positive,Southwest,southwestair thank help resolve problem shannon rock even though rhonda didnt,"[0.0, 0.0]",2015-02-17 18:49:04 -0800,"Boston, MA",Eastern Time (US & Canada),positive,2
5.67878239156339e+17,positive,Southwest,southwestair thanks see happens,"[36.14488928, -86.68739667]",2015-02-17 18:48:17 -0800,"Boston, MA",Eastern Time (US & Canada),positive,1
5.67872810770657e+17,positive,Southwest,southwestair thanks assistanceyou guy rock,"[0.0, 0.0]",2015-02-17 18:26:43 -0800,New Orleans/Dallas,Central Time (US & Canada),positive,1
5.67870895383015e+17,positive,Southwest,southwestair hey yea get thrueverything good well day voucher go appreciate,"[0.0, 0.0]",2015-02-17 18:19:06 -0800,Most likely Costco,Eastern Time (US & Canada),positive,1
5.67863445422547e+17,positive,Southwest,southwestair flight today rsw grr able snag free sw agent check look like finally set,"[0.0, 0.0]",2015-02-17 17:49:30 -0800,"Boston, MA",Eastern Time (US & Canada),positive,2
5.67863197341848e+17,positive,Southwest,southwestair yeah figure thanks,"[0.0, 0.0]",2015-02-17 17:48:31 -0800,"Downtown Dallas, Texas",Central Time (US & Canada),positive,1
5.67862240419934e+17,positive,Southwest,southwestair thanks drink ticket hook cant wait first international flight na pumped,"[0.0, 0.0]",2015-02-17 17:44:43 -0800,"Boston, MA",Central Time (US & Canada),positive,3
5.67860982422307e+17,positive,Southwest,southwestair hi saw black history month commercial tv amp im excite support monthwill grant free trip,"[0.0, 0.0]",2015-02-17 17:39:43 -0800,Atlanta,Eastern Time (US & Canada),positive,4
5.67859569621373e+17,positive,Southwest,southwestair though work another major airline love black history month commercial thank,"[0.0, 0.0]",2015-02-17 17:34:06 -0800,"Boston, MA",Eastern Time (US & Canada),positive,0
5.6785837352747e+17,positive,Southwest,southwestair black history commercial really sweet well do,"[0.0, 0.0]",2015-02-17 17:29:21 -0800,La Florida,Eastern Time (US & Canada),positive,0
5.67856422030942e+17,positive,Southwest,southwestair much respect,"[0.0, 0.0]",2015-02-17 17:21:35 -0800,soundcloud.com/ibhoody ,Central Time (US & Canada),positive,0
5.67855640640516e+17,positive,Southwest,southwestair thank thankful feelingtheluv,"[0.0, 0.0]",2015-02-17 17:18:29 -0800,"Boston, MA",Eastern Time (US & Canada),positive,5
5.67845681768968e+17,positive,Southwest,southwestair get add thank,"[0.0, 0.0]",2015-02-17 16:38:55 -0800,"SMALL TOWN, USA",Central Time (US & Canada),positive,1
5.67843845247017e+17,positive,Southwest,southwestair great thank best luck deal horrible winter,"[0.0, 0.0]",2015-02-17 16:31:37 -0800,Toronto,Eastern Time (US & Canada),positive,5
5.67843646881599e+17,positive,Southwest,southwestair thank,"[0.0, 0.0]",2015-02-17 16:30:50 -0800,"Boston, MA",Eastern Time (US & Canada),positive,5
5.67833231434723e+17,positive,Southwest,southwestair thanks take care today michele rock customer service gate hou,"[0.0, 0.0]",2015-02-17 15:49:26 -0800,"Boston, MA",Eastern Time (US & Canada),positive,5
5.67831245260005e+17,positive,Southwest,southwestair thank,"[0.0, 0.0]",2015-02-17 15:41:33 -0800,I forgot - Earth Maybe??,Eastern Time (US & Canada),positive,5
5.67830740373869e+17,positive,Southwest,despite mother nature best effort southwestairs goodhumored folk get u home safely area heavily affected winter storm,"[0.0, 0.0]",2015-02-17 15:39:32 -0800,"Eastern Time, United States",Atlantic Time (Canada),positive,2
5.67829387485131e+17,positive,Southwest,southwestair awesome thanks,"[0.0, 0.0]",2015-02-17 15:34:10 -0800,Dallas,Central Time (US & Canada),positive,1
5.67826761141985e+17,positive,Southwest,southwestair really appreciate follow always fly yall reason,"[0.0, 0.0]",2015-02-17 15:23:44 -0800,"Nashville, TN",Central Time (US & Canada),positive,1
5.6782588644925e+17,positive,Southwest,southwestair piece found safely deliver home afternoon,"[0.0, 0.0]",2015-02-17 15:20:15 -0800,Seattle area,Pacific Time (US & Canada),positive,4
5.67820713156944e+17,positive,Southwest,southwestair el paso dealsmay,"[30.0554953, -95.1659332]",2015-02-17 14:59:42 -0800,Houston TX,Eastern Time (US & Canada),positive,5
5.67816909816635e+17,positive,Southwest,southwestair thanks ill keep check im try book first disney world vacation,"[0.0, 0.0]",2015-02-17 14:44:35 -0800,San Antonio,Central Time (US & Canada),positive,3
5.6781430059477e+17,positive,Southwest,southwestair thank know yall cant control weather appreciate yall work get flight rebooked last two day,"[36.0212589, -86.5447783]",2015-02-17 14:34:13 -0800,"Boston, MA",Eastern Time (US & Canada),positive,0
5.67806843310907e+17,positive,Southwest,southwestair fattuesday great job celebrate mardigras today atlanta airport another reason im nut httptcowbzorrnc,"[0.0, 0.0]",2015-02-17 14:04:35 -0800,http://goo.gl/eZTfG,Arizona,positive,4
5.67805887319912e+17,positive,Southwest,southwestair awwweesssooomee,"[0.0, 0.0]",2015-02-17 14:00:47 -0800,"Tucson, AZ",Arizona,positive,1
5.67801645795643e+17,positive,Southwest,southwestair amaze customer service well definitely fly guy instrument involve,"[0.0, 0.0]",2015-02-17 13:43:56 -0800,"Boston, MA",Eastern Time (US & Canada),positive,3
5.67801079388471e+17,positive,Southwest,southwestair social medium team say sorry thankfully submit complaint get resolution amaze rep call,"[0.0, 0.0]",2015-02-17 13:41:41 -0800,"Boston, MA",Eastern Time (US & Canada),positive,4
5.67800329824399e+17,positive,Southwest,southwestair know whats blackhistorymonth commercial another thing add reason fly southwestairlines,"[0.0, 0.0]",2015-02-17 13:38:42 -0800,Maryland,Eastern Time (US & Canada),positive,0
5.67791182199198e+17,positive,Southwest,southwestair employee great,"[0.0, 0.0]",2015-02-17 13:02:21 -0800,"Washington, DC",Central Time (US & Canada),positive,1
5.67788514952368e+17,positive,Southwest,southwestair thank voucher long wait runway saturday night bwi really appreciate swfan,"[38.98057249, -76.73463232]",2015-02-17 12:51:45 -0800,East Coast,Atlantic Time (Canada),positive,0
5.67785122708333e+17,positive,Southwest,southwestair jh thank finally get second time,"[35.99558298, -78.89974547]",2015-02-17 12:38:16 -0800,"Durham, NC",Eastern Time (US & Canada),positive,0
5.6778380249242e+17,positive,Southwest,southwestair haha thanks explanation,"[0.0, 0.0]",2015-02-17 12:33:02 -0800,TX,America/Chicago,positive,1
5.67779815227261e+17,positive,Southwest,southwestair gf yr shes sf amp live tulsa swa always take see love southwestluvsweeps,"[0.0, 0.0]",2015-02-17 12:17:11 -0800,"Boston, MA",Eastern Time (US & Canada),positive,0
5.67777978327634e+17,positive,Southwest,southwestair sent thanks vp,"[0.0, 0.0]",2015-02-17 12:09:53 -0800,"Nashville, TN",Central Time (US & Canada),positive,1
5.67774320170119e+17,positive,Southwest,southwestair thank much step game make day night elevator music much appreciate,"[0.0, 0.0]",2015-02-17 11:55:21 -0800,"Boston, MA",Eastern Time (US & Canada),positive,0
5.67774100299739e+17,positive,Southwest,southwestair talk customer service united make appreciate even could learn much,"[0.0, 0.0]",2015-02-17 11:54:28 -0800,Washington DC,Eastern Time (US & Canada),positive,5
5.67773445195583e+17,positive,Southwest,southwestair thanks response able get situation resolve fan mother nature today,"[0.0, 0.0]",2015-02-17 11:51:52 -0800,"Nashville, TN",Central Time (US & Canada),positive,2
5.67772219549479e+17,positive,Southwest,southwestair thanks think weve get figure,"[0.0, 0.0]",2015-02-17 11:47:00 -0800,"Columbus, OH",Quito,positive,1
5.67767091579593e+17,positive,Southwest,southwestair get square away thank man inside help,"[0.0, 0.0]",2015-02-17 11:26:37 -0800,"New Braunfels, TX",Central Time (US & Canada),positive,4
5.67764034418909e+17,positive,Southwest,southwestair another great flight amp crew la vegaschicago thanks,"[0.0, 0.0]",2015-02-17 11:14:29 -0800,Indy,Eastern Time (US & Canada),positive,1
5.67762099708113e+17,positive,Southwest,southwestair finally get thanks,"[0.0, 0.0]",2015-02-17 11:06:47 -0800,"Houston, Texas",Eastern Time (US & Canada),positive,1
5.67760872739975e+17,positive,Southwest,southwestair thanks get put flight tomorrow dont much faith itll get ground tomorrow though,"[0.0, 0.0]",2015-02-17 11:01:55 -0800,"Boston, MA",Eastern Time (US & Canada),positive,1
5.67758180068131e+17,positive,Southwest,southwestair paytontaylor love southwest payton taylor,"[0.0, 0.0]",2015-02-17 10:51:13 -0800,"Nashville, TN",Eastern Time (US & Canada),positive,3
5.67754504817607e+17,positive,Southwest,southwestair worry youre best u already cancel flight biz trip still luv rr,"[0.0, 0.0]",2015-02-17 10:36:36 -0800,"Boston, MA",Central Time (US & Canada),positive,2
5.67753194546422e+17,positive,Southwest,southwestair worry get thru eventually curious best luck deal weather,"[0.0, 0.0]",2015-02-17 10:31:24 -0800,"Boston, MA",Eastern Time (US & Canada),positive,3
5.67750519402144e+17,positive,Southwest,southwestair yes thank oct oct,"[0.0, 0.0]",2015-02-17 10:20:46 -0800,Château d'If,Central Time (US & Canada),positive,5
5.67746544536146e+17,positive,Southwest,southwestair always fly sw loyalrrmember,"[0.0, 0.0]",2015-02-17 10:04:59 -0800,"Nashville, TN",Eastern Time (US & Canada),positive,3
5.67745845781865e+17,positive,Southwest,southwestair thank someone finally answer able change flight cancel flight bc ice thank response,"[0.0, 0.0]",2015-02-17 10:02:12 -0800,"Nashville, TN",Eastern Time (US & Canada),positive,0
5.67744627143213e+17,positive,Southwest,southwestair thanks ton,"[0.0, 0.0]",2015-02-17 09:57:21 -0800,"Nashville, TN",Eastern Time (US & Canada),positive,1
5.6774421928113e+17,positive,Southwest,southwestair luv ya sing song yall finally get plane back nashville lovesouthwestair,"[0.0, 0.0]",2015-02-17 09:55:44 -0800,"Nashville, TN",Quito,positive,1
5.67741157070086e+17,positive,Southwest,southwestair time thank,"[0.0, 0.0]",2015-02-17 09:43:34 -0800,"Boston, MA",Eastern Time (US & Canada),positive,0
5.67740403755909e+17,positive,Southwest,southwestair finally integration w passbook great valentine gift well chocolate flight heart,"[0.0, 0.0]",2015-02-17 09:40:35 -0800,"Austin, TX",Central Time (US & Canada),positive,1
5.67739785981493e+17,positive,Southwest,southwestair guy awesome dontchangeathing luv,"[0.0, 0.0]",2015-02-17 09:38:07 -0800,"Delray Beach, FL",Eastern Time (US & Canada),positive,1
5.67739785406874e+17,positive,Southwest,southwestair karen customer service helpful thank provide one bright spot frustrate situation,"[0.0, 0.0]",2015-02-17 09:38:07 -0800,"Boston, MA",Central Time (US & Canada),positive,5
5.67737653118779e+17,positive,Southwest,southwestair thanks,"[0.0, 0.0]",2015-02-17 09:29:39 -0800,Château d'If,Central Time (US & Canada),positive,1
5.67737617031381e+17,positive,Southwest,southwestair good flight eventually take land safely oh get free cup wine thx,"[0.0, 0.0]",2015-02-17 09:29:30 -0800,Philly,Eastern Time (US & Canada),positive,1
5.67735766416392e+17,positive,Southwest,southwestair youve get mess dtw staff great,"[0.0, 0.0]",2015-02-17 09:22:09 -0800,Michigan,Eastern Time (US & Canada),positive,1
5.67735489688396e+17,positive,Southwest,southwestair great job passbook integration itll really help streamline commute san fran,"[0.0, 0.0]",2015-02-17 09:21:03 -0800,"Midvale, UT",Mountain Time (US & Canada),positive,4
5.6773432921294e+17,positive,Southwest,southwestair great job look forward next trip able use new feature,"[0.0, 0.0]",2015-02-17 09:16:26 -0800,AZ - USA,Arizona,positive,0
5.67725232203391e+17,positive,Southwest,southwestair thank,"[0.0, 0.0]",2015-02-17 08:40:17 -0800,"Boston, MA",Mountain Time (US & Canada),positive,5
5.67723096186946e+17,positive,Southwest,southwestair twitter outstanding customer service thank,"[0.0, 0.0]",2015-02-17 08:31:48 -0800,"Nashville, TN",Mountain Time (US & Canada),positive,1
5.67722937545814e+17,positive,Southwest,southwestair finally,"[0.0, 0.0]",2015-02-17 08:31:10 -0800,"Nashville, TN",Central Time (US & Canada),positive,0
5.67720839408534e+17,positive,Southwest,southwestair beautiful thanks ton,"[0.0, 0.0]",2015-02-17 08:22:50 -0800,"London, Ontario, Canada",Central Time (US & Canada),positive,1
5.67713338873119e+17,positive,Southwest,southwestair thanks yall expect operational tomorrow nashville,"[0.0, 0.0]",2015-02-17 07:53:02 -0800,"Nashville,TN",Eastern Time (US & Canada),positive,1
5.67655489119326e+17,positive,Southwest,southwestair nice work update,"[0.0, 0.0]",2015-02-17 04:03:09 -0800,"Boston, MA",Pacific Time (US & Canada),positive,1
